as_of_date,source_name,silicon_id,gpu_model,gpu_variant,form_factor,interconnect_substrate,commitment_term,interruptibility,deployment_class,region,region_country,factory_type,tier_v3,price_usd_per_hour,bundled,bundled_inclusions,availability_state,methodology_version
2026-04-28,aws,a100-sxm-80gb,A100,80GB,SXM,EFA,OnDemand,NonInterruptible,OnDemand,US-East,US,HIF,T1IF,3.4309,True,local-nvme;managed-ops-plane;support-tier;observability,Available,v2.0.0
2026-04-28,aws,a100-sxm-80gb,A100,80GB,SXM,EFA,1Y,NonInterruptible,Reserved,US-East,US,HIF,T1IF,2.1752,True,local-nvme;managed-ops-plane;support-tier;observability,Available,v2.0.0
2026-04-28,aws,a100-sxm-80gb,A100,80GB,SXM,EFA,3Y,NonInterruptible,Reserved,US-East,US,HIF,T1IF,1.4647,True,local-nvme;managed-ops-plane;support-tier;observability,Available,v2.0.0
2026-04-28,azure,a100-sxm-80gb,A100,80GB,SXM,IB-HDR,OnDemand,NonInterruptible,OnDemand,US-East,US,HIF,T2IF,4.0963,True,local-nvme;managed-ops-plane;support-tier;observability,Available,v2.0.0
2026-04-28,azure,a100-sxm-80gb,A100,80GB,SXM,IB-HDR,1Y,NonInterruptible,Reserved,US-East,US,HIF,T2IF,2.6216,True,local-nvme;managed-ops-plane;support-tier;observability,Available,v2.0.0
2026-04-28,azure,a100-sxm-80gb,A100,80GB,SXM,IB-HDR,3Y,NonInterruptible,Reserved,US-East,US,HIF,T2IF,1.8024,True,local-nvme;managed-ops-plane;support-tier;observability,Available,v2.0.0
2026-04-28,coreweave,a100-sxm-80gb,A100,80GB,SXM,IB-HDR,OnDemand,NonInterruptible,OnDemand,US-East,US,IIF,T2IF,2.7000,True,local-nvme;free-egress;support-tier;observability;managed-ops-plane,Available,v2.0.0
2026-04-28,crusoe,a100-sxm-80gb,A100,80GB,SXM,IB-HDR,OnDemand,NonInterruptible,OnDemand,US-East,US,IIF,T2IF,1.9500,True,local-nvme;free-egress,Available,v2.0.0
2026-04-28,datacrunch,a100-sxm-80gb,A100,80GB,SXM,IB-HDR,OnDemand,Interruptible,Spot,EU,EU,DIF,T3IF,0.4515,True,local-nvme,Available,v2.0.0
2026-04-28,denvr,a100-sxm-80gb,A100,80GB,SXM,IB-HDR,OnDemand,NonInterruptible,OnDemand,Other,Other,SIF,T2IF,1.3000,True,local-nvme,Available,v2.0.0
2026-04-28,hyperstack,a100-sxm-80gb,A100,80GB,SXM,Ethernet,OnDemand,NonInterruptible,OnDemand,Other,Other,SIF,T3IF,1.6000,True,local-nvme,Available,v2.0.0
2026-04-28,lambda,a100-sxm-80gb,A100,80GB,SXM,Unknown,OnDemand,NonInterruptible,OnDemand,US-East,US,IIF,T2IF,2.7900,True,local-nvme,Available,v2.0.0
2026-04-28,massed_compute,a100-sxm-80gb,A100,80GB,SXM,Unknown,OnDemand,NonInterruptible,OnDemand,US-East,US,DIF,T3IF,1.2800,False,,Available,v2.0.0
2026-04-28,oci,a100-sxm-80gb,A100,80GB,SXM,RoCE-v2,OnDemand,NonInterruptible,OnDemand,US-East,US,HIF,T2IF,4.0000,True,local-nvme;egress-capped;managed-ops-plane;support-tier;observability,Available,v2.0.0
2026-04-28,runpod_cluster,a100-sxm-80gb,A100,80GB,SXM,IB-HDR,OnDemand,NonInterruptible,OnDemand,Other,Other,DIF,T2IF,1.7880,True,local-nvme,Available,v2.0.0
2026-04-28,runpod_community,a100-sxm-80gb,A100,80GB,SXM,Unknown,OnDemand,NonInterruptible,OnDemand,Other,Other,DIF,T3IF,1.3900,False,,Available,v2.0.0
2026-04-28,runpod_secure,a100-sxm-80gb,A100,80GB,SXM,IB-HDR,OnDemand,NonInterruptible,OnDemand,Other,Other,DIF,T2IF,1.4900,True,local-nvme,Available,v2.0.0
2026-04-28,tensordock,a100-sxm-80gb,A100,80GB,SXM,Unknown,OnDemand,NonInterruptible,OnDemand,Other,Other,DIF,T3IF,0.8629,False,,Available,v2.0.0
2026-04-28,vast_ai,a100-sxm-80gb,A100,80GB,SXM,Unknown,OnDemand,NonInterruptible,OnDemand,US-Central,US,DIF,T3IF,0.5200,True,local-nvme,Available,v2.0.0
2026-04-28,vast_ai,a100-sxm-80gb,A100,80GB,SXM,Unknown,OnDemand,NonInterruptible,OnDemand,Other,Other,DIF,T3IF,0.6667,True,local-nvme,Available,v2.0.0
2026-04-29,aws,a100-sxm-80gb,A100,80GB,SXM,EFA,OnDemand,NonInterruptible,OnDemand,US-East,US,HIF,T1IF,3.4309,True,local-nvme;managed-ops-plane;support-tier;observability,Available,v2.0.0
2026-04-29,aws,a100-sxm-80gb,A100,80GB,SXM,EFA,1Y,NonInterruptible,Reserved,US-East,US,HIF,T1IF,2.1752,True,local-nvme;managed-ops-plane;support-tier;observability,Available,v2.0.0
2026-04-29,aws,a100-sxm-80gb,A100,80GB,SXM,EFA,3Y,NonInterruptible,Reserved,US-East,US,HIF,T1IF,1.4647,True,local-nvme;managed-ops-plane;support-tier;observability,Available,v2.0.0
2026-04-29,azure,a100-sxm-80gb,A100,80GB,SXM,IB-HDR,OnDemand,NonInterruptible,OnDemand,US-East,US,HIF,T2IF,4.0963,True,local-nvme;managed-ops-plane;support-tier;observability,Available,v2.0.0
2026-04-29,azure,a100-sxm-80gb,A100,80GB,SXM,IB-HDR,1Y,NonInterruptible,Reserved,US-East,US,HIF,T2IF,2.6216,True,local-nvme;managed-ops-plane;support-tier;observability,Available,v2.0.0
2026-04-29,azure,a100-sxm-80gb,A100,80GB,SXM,IB-HDR,3Y,NonInterruptible,Reserved,US-East,US,HIF,T2IF,1.8024,True,local-nvme;managed-ops-plane;support-tier;observability,Available,v2.0.0
2026-04-29,coreweave,a100-sxm-80gb,A100,80GB,SXM,IB-HDR,OnDemand,NonInterruptible,OnDemand,US-East,US,IIF,T2IF,2.7000,True,local-nvme;free-egress;support-tier;observability;managed-ops-plane,Available,v2.0.0
2026-04-29,crusoe,a100-sxm-80gb,A100,80GB,SXM,IB-HDR,OnDemand,NonInterruptible,OnDemand,US-East,US,IIF,T2IF,1.9500,True,local-nvme;free-egress,Available,v2.0.0
2026-04-29,datacrunch,a100-sxm-80gb,A100,80GB,SXM,IB-HDR,OnDemand,Interruptible,Spot,EU,EU,DIF,T3IF,0.4515,True,local-nvme,Available,v2.0.0
2026-04-29,denvr,a100-sxm-80gb,A100,80GB,SXM,IB-HDR,OnDemand,NonInterruptible,OnDemand,Other,Other,SIF,T2IF,1.3000,True,local-nvme,Available,v2.0.0
2026-04-29,hyperstack,a100-sxm-80gb,A100,80GB,SXM,Ethernet,OnDemand,NonInterruptible,OnDemand,Other,Other,SIF,T3IF,1.6000,True,local-nvme,Available,v2.0.0
2026-04-29,lambda,a100-sxm-80gb,A100,80GB,SXM,Unknown,OnDemand,NonInterruptible,OnDemand,US-East,US,IIF,T2IF,2.7900,True,local-nvme,Available,v2.0.0
2026-04-29,massed_compute,a100-sxm-80gb,A100,80GB,SXM,Unknown,OnDemand,NonInterruptible,OnDemand,US-East,US,DIF,T3IF,1.2800,False,,Available,v2.0.0
2026-04-29,oci,a100-sxm-80gb,A100,80GB,SXM,RoCE-v2,OnDemand,NonInterruptible,OnDemand,US-East,US,HIF,T2IF,4.0000,True,local-nvme;egress-capped;managed-ops-plane;support-tier;observability,Available,v2.0.0
2026-04-29,runpod_cluster,a100-sxm-80gb,A100,80GB,SXM,IB-HDR,OnDemand,NonInterruptible,OnDemand,Other,Other,DIF,T2IF,1.7880,True,local-nvme,Available,v2.0.0
2026-04-29,runpod_cluster,a100-sxm-80gb,A100,80GB,SXM,IB-HDR,OnDemand,NonInterruptible,OnDemand,Other,Other,DIF,T2IF,1.7880,True,local-nvme,Available,v2.0.0
2026-04-29,runpod_community,a100-sxm-80gb,A100,80GB,SXM,Unknown,OnDemand,NonInterruptible,OnDemand,Other,Other,DIF,T3IF,1.3900,False,,Available,v2.0.0
2026-04-29,runpod_community,a100-sxm-80gb,A100,80GB,SXM,Unknown,OnDemand,NonInterruptible,OnDemand,Other,Other,DIF,T3IF,1.3900,False,,Available,v2.0.0
2026-04-29,runpod_secure,a100-sxm-80gb,A100,80GB,SXM,IB-HDR,OnDemand,NonInterruptible,OnDemand,Other,Other,DIF,T2IF,1.4900,True,local-nvme,Available,v2.0.0
2026-04-29,runpod_secure,a100-sxm-80gb,A100,80GB,SXM,IB-HDR,OnDemand,NonInterruptible,OnDemand,Other,Other,DIF,T2IF,1.4900,True,local-nvme,Available,v2.0.0
2026-04-29,tensordock,a100-sxm-80gb,A100,80GB,SXM,Unknown,OnDemand,NonInterruptible,OnDemand,Other,Other,DIF,T3IF,0.8625,False,,Available,v2.0.0
2026-04-29,vast_ai,a100-sxm-80gb,A100,80GB,SXM,Unknown,OnDemand,NonInterruptible,OnDemand,US-South,US,DIF,T3IF,0.6133,True,local-nvme,Available,v2.0.0
2026-04-29,vast_ai,a100-sxm-80gb,A100,80GB,SXM,Unknown,OnDemand,NonInterruptible,OnDemand,Other,Other,DIF,T3IF,0.6667,True,local-nvme,Available,v2.0.0
2026-04-29,vast_ai,a100-sxm-80gb,A100,80GB,SXM,Unknown,OnDemand,NonInterruptible,OnDemand,US-Central,US,DIF,T3IF,0.9333,True,local-nvme,Available,v2.0.0
2026-04-29,vast_ai,a100-sxm-80gb,A100,80GB,SXM,Unknown,OnDemand,NonInterruptible,OnDemand,US-South,US,DIF,T3IF,0.6000,True,local-nvme,Available,v2.0.0
2026-04-29,vast_ai,a100-sxm-80gb,A100,80GB,SXM,Unknown,OnDemand,NonInterruptible,OnDemand,US-Central,US,DIF,T3IF,0.5200,True,local-nvme,Available,v2.0.0
2026-04-29,vast_ai,a100-sxm-80gb,A100,80GB,SXM,Unknown,OnDemand,NonInterruptible,OnDemand,Other,Other,DIF,T3IF,0.6667,True,local-nvme,Available,v2.0.0
2026-04-30,aws,a100-sxm-80gb,A100,80GB,SXM,EFA,OnDemand,NonInterruptible,OnDemand,US-East,US,HIF,T1IF,3.4309,True,local-nvme;managed-ops-plane;support-tier;observability,Available,v2.0.0
2026-04-30,aws,a100-sxm-80gb,A100,80GB,SXM,EFA,1Y,NonInterruptible,Reserved,US-East,US,HIF,T1IF,2.1752,True,local-nvme;managed-ops-plane;support-tier;observability,Available,v2.0.0
2026-04-30,aws,a100-sxm-80gb,A100,80GB,SXM,EFA,3Y,NonInterruptible,Reserved,US-East,US,HIF,T1IF,1.4647,True,local-nvme;managed-ops-plane;support-tier;observability,Available,v2.0.0
2026-04-30,azure,a100-sxm-80gb,A100,80GB,SXM,IB-HDR,OnDemand,NonInterruptible,OnDemand,US-East,US,HIF,T2IF,4.0963,True,local-nvme;managed-ops-plane;support-tier;observability,Available,v2.0.0
2026-04-30,azure,a100-sxm-80gb,A100,80GB,SXM,IB-HDR,1Y,NonInterruptible,Reserved,US-East,US,HIF,T2IF,2.6216,True,local-nvme;managed-ops-plane;support-tier;observability,Available,v2.0.0
2026-04-30,azure,a100-sxm-80gb,A100,80GB,SXM,IB-HDR,3Y,NonInterruptible,Reserved,US-East,US,HIF,T2IF,1.8024,True,local-nvme;managed-ops-plane;support-tier;observability,Available,v2.0.0
2026-04-30,coreweave,a100-sxm-80gb,A100,80GB,SXM,IB-HDR,OnDemand,NonInterruptible,OnDemand,US-East,US,IIF,T2IF,2.7000,True,local-nvme;free-egress;support-tier;observability;managed-ops-plane,Available,v2.0.0
2026-04-30,crusoe,a100-sxm-80gb,A100,80GB,SXM,IB-HDR,OnDemand,NonInterruptible,OnDemand,US-East,US,IIF,T2IF,1.9500,True,local-nvme;free-egress,Available,v2.0.0
2026-04-30,datacrunch,a100-sxm-80gb,A100,80GB,SXM,IB-HDR,OnDemand,NonInterruptible,OnDemand,EU,EU,SIF,T3IF,1.2900,True,local-nvme,Available,v2.0.0
2026-04-30,denvr,a100-sxm-80gb,A100,80GB,SXM,IB-HDR,OnDemand,NonInterruptible,OnDemand,Other,Other,SIF,T2IF,1.3000,True,local-nvme,Available,v2.0.0
2026-04-30,hyperstack,a100-sxm-80gb,A100,80GB,SXM,Ethernet,OnDemand,NonInterruptible,OnDemand,Other,Other,SIF,T3IF,1.6000,True,local-nvme,Available,v2.0.0
2026-04-30,lambda,a100-sxm-80gb,A100,80GB,SXM,Unknown,OnDemand,NonInterruptible,OnDemand,US-East,US,IIF,T2IF,2.7900,True,local-nvme,Available,v2.0.0
2026-04-30,massed_compute,a100-sxm-80gb,A100,80GB,SXM,Unknown,OnDemand,NonInterruptible,OnDemand,US-East,US,DIF,T3IF,1.2800,False,,Available,v2.0.0
2026-04-30,oci,a100-sxm-80gb,A100,80GB,SXM,RoCE-v2,OnDemand,NonInterruptible,OnDemand,US-East,US,HIF,T2IF,4.0000,True,local-nvme;egress-capped;managed-ops-plane;support-tier;observability,Available,v2.0.0
2026-04-30,runpod_cluster,a100-sxm-80gb,A100,80GB,SXM,IB-HDR,OnDemand,NonInterruptible,OnDemand,Other,Other,DIF,T2IF,1.7880,True,local-nvme,Available,v2.0.0
2026-04-30,runpod_community,a100-sxm-80gb,A100,80GB,SXM,Unknown,OnDemand,NonInterruptible,OnDemand,Other,Other,DIF,T3IF,1.3900,False,,Available,v2.0.0
2026-04-30,runpod_secure,a100-sxm-80gb,A100,80GB,SXM,IB-HDR,OnDemand,NonInterruptible,OnDemand,Other,Other,DIF,T2IF,1.4900,True,local-nvme,Available,v2.0.0
2026-04-30,tensordock,a100-sxm-80gb,A100,80GB,SXM,Unknown,OnDemand,NonInterruptible,OnDemand,Other,Other,DIF,T3IF,0.8500,False,,Available,v2.0.0
2026-04-30,vast_ai,a100-sxm-80gb,A100,80GB,SXM,Unknown,OnDemand,NonInterruptible,OnDemand,Other,Other,DIF,T3IF,0.6133,True,local-nvme,Available,v2.0.0
2026-04-30,vast_ai,a100-sxm-80gb,A100,80GB,SXM,Unknown,OnDemand,NonInterruptible,OnDemand,US-Central,US,DIF,T3IF,0.9333,True,local-nvme,Available,v2.0.0
2026-04-30,vast_ai,a100-sxm-80gb,A100,80GB,SXM,Unknown,OnDemand,NonInterruptible,OnDemand,APAC,APAC,DIF,T3IF,1.3293,True,local-nvme,Available,v2.0.0
2026-04-30,vast_ai_verified,a100-sxm-80gb,A100,80GB,SXM,Unknown,OnDemand,NonInterruptible,OnDemand,Other,Other,DIF,T3IF,1.3293,False,,Available,v2.0.0
2026-05-01,aws,a100-sxm-80gb,A100,80GB,SXM,EFA,OnDemand,NonInterruptible,OnDemand,US-East,US,HIF,T1IF,3.4309,True,local-nvme;managed-ops-plane;support-tier;observability,Available,v2.0.0
2026-05-01,aws,a100-sxm-80gb,A100,80GB,SXM,EFA,1Y,NonInterruptible,Reserved,US-East,US,HIF,T1IF,2.1752,True,local-nvme;managed-ops-plane;support-tier;observability,Available,v2.0.0
2026-05-01,aws,a100-sxm-80gb,A100,80GB,SXM,EFA,3Y,NonInterruptible,Reserved,US-East,US,HIF,T1IF,1.4647,True,local-nvme;managed-ops-plane;support-tier;observability,Available,v2.0.0
2026-05-01,azure,a100-sxm-80gb,A100,80GB,SXM,IB-HDR,OnDemand,NonInterruptible,OnDemand,US-East,US,HIF,T2IF,4.0963,True,local-nvme;managed-ops-plane;support-tier;observability,Available,v2.0.0
2026-05-01,azure,a100-sxm-80gb,A100,80GB,SXM,IB-HDR,1Y,NonInterruptible,Reserved,US-East,US,HIF,T2IF,2.6216,True,local-nvme;managed-ops-plane;support-tier;observability,Available,v2.0.0
2026-05-01,azure,a100-sxm-80gb,A100,80GB,SXM,IB-HDR,3Y,NonInterruptible,Reserved,US-East,US,HIF,T2IF,1.8024,True,local-nvme;managed-ops-plane;support-tier;observability,Available,v2.0.0
2026-05-01,coreweave,a100-sxm-80gb,A100,80GB,SXM,IB-HDR,OnDemand,NonInterruptible,OnDemand,US-East,US,IIF,T2IF,2.7000,True,local-nvme;free-egress;support-tier;observability;managed-ops-plane,Available,v2.0.0
2026-05-01,crusoe,a100-sxm-80gb,A100,80GB,SXM,IB-HDR,OnDemand,NonInterruptible,OnDemand,US-East,US,IIF,T2IF,1.9500,True,local-nvme;free-egress,Available,v2.0.0
2026-05-01,datacrunch,a100-sxm-80gb,A100,80GB,SXM,IB-HDR,OnDemand,NonInterruptible,OnDemand,EU,EU,SIF,T3IF,1.2900,True,local-nvme,Available,v2.0.0
2026-05-01,denvr,a100-sxm-80gb,A100,80GB,SXM,IB-HDR,OnDemand,NonInterruptible,OnDemand,Other,Other,SIF,T2IF,1.3000,True,local-nvme,Available,v2.0.0
2026-05-01,hyperstack,a100-sxm-80gb,A100,80GB,SXM,Ethernet,OnDemand,NonInterruptible,OnDemand,Other,Other,SIF,T3IF,1.6000,True,local-nvme,Available,v2.0.0
2026-05-01,lambda,a100-sxm-80gb,A100,80GB,SXM,Unknown,OnDemand,NonInterruptible,OnDemand,US-East,US,IIF,T2IF,2.7900,True,local-nvme,Available,v2.0.0
2026-05-01,massed_compute,a100-sxm-80gb,A100,80GB,SXM,Unknown,OnDemand,NonInterruptible,OnDemand,US-East,US,DIF,T3IF,1.2800,False,,Available,v2.0.0
2026-05-01,oci,a100-sxm-80gb,A100,80GB,SXM,RoCE-v2,OnDemand,NonInterruptible,OnDemand,US-East,US,HIF,T2IF,4.0000,True,local-nvme;egress-capped;managed-ops-plane;support-tier;observability,Available,v2.0.0
2026-05-01,runpod_cluster,a100-sxm-80gb,A100,80GB,SXM,IB-HDR,OnDemand,NonInterruptible,OnDemand,Other,Other,DIF,T2IF,1.7880,True,local-nvme,Available,v2.0.0
2026-05-01,runpod_community,a100-sxm-80gb,A100,80GB,SXM,Unknown,OnDemand,NonInterruptible,OnDemand,Other,Other,DIF,T3IF,1.3900,False,,Available,v2.0.0
2026-05-01,runpod_secure,a100-sxm-80gb,A100,80GB,SXM,IB-HDR,OnDemand,NonInterruptible,OnDemand,Other,Other,DIF,T2IF,1.4900,True,local-nvme,Available,v2.0.0
2026-05-01,tensordock,a100-sxm-80gb,A100,80GB,SXM,Unknown,OnDemand,NonInterruptible,OnDemand,Other,Other,DIF,T3IF,0.8500,False,,Available,v2.0.0
2026-05-01,vast_ai,a100-sxm-80gb,A100,80GB,SXM,Unknown,OnDemand,NonInterruptible,OnDemand,Other,Other,DIF,T3IF,0.6133,True,local-nvme,Available,v2.0.0
2026-05-01,vast_ai,a100-sxm-80gb,A100,80GB,SXM,Unknown,OnDemand,NonInterruptible,OnDemand,US-Central,US,DIF,T3IF,0.9333,True,local-nvme,Available,v2.0.0
2026-05-01,vast_ai_verified,a100-sxm-80gb,A100,80GB,SXM,Unknown,OnDemand,NonInterruptible,OnDemand,Other,Other,DIF,T3IF,0.4467,False,,Available,v2.0.0
2026-05-01,vultr,a100-sxm-80gb,A100,80GB,SXM,Unknown,OnDemand,NonInterruptible,OnDemand,Other,Other,SIF,T3IF,2.8000,False,,Available,v2.0.0
2026-05-02,aws,a100-sxm-80gb,A100,80GB,SXM,EFA,OnDemand,NonInterruptible,OnDemand,US-East,US,HIF,T1IF,3.4309,True,local-nvme;managed-ops-plane;support-tier;observability,Available,v2.0.0
2026-05-02,aws,a100-sxm-80gb,A100,80GB,SXM,EFA,1Y,NonInterruptible,Reserved,US-East,US,HIF,T1IF,2.1752,True,local-nvme;managed-ops-plane;support-tier;observability,Available,v2.0.0
2026-05-02,aws,a100-sxm-80gb,A100,80GB,SXM,EFA,3Y,NonInterruptible,Reserved,US-East,US,HIF,T1IF,1.4647,True,local-nvme;managed-ops-plane;support-tier;observability,Available,v2.0.0
2026-05-02,azure,a100-sxm-80gb,A100,80GB,SXM,IB-HDR,OnDemand,NonInterruptible,OnDemand,US-East,US,HIF,T2IF,4.0963,True,local-nvme;managed-ops-plane;support-tier;observability,Available,v2.0.0
2026-05-02,azure,a100-sxm-80gb,A100,80GB,SXM,IB-HDR,1Y,NonInterruptible,Reserved,US-East,US,HIF,T2IF,2.6216,True,local-nvme;managed-ops-plane;support-tier;observability,Available,v2.0.0
2026-05-02,azure,a100-sxm-80gb,A100,80GB,SXM,IB-HDR,3Y,NonInterruptible,Reserved,US-East,US,HIF,T2IF,1.8024,True,local-nvme;managed-ops-plane;support-tier;observability,Available,v2.0.0
2026-05-02,coreweave,a100-sxm-80gb,A100,80GB,SXM,IB-HDR,OnDemand,NonInterruptible,OnDemand,US-East,US,IIF,T2IF,2.7000,True,local-nvme;free-egress;support-tier;observability;managed-ops-plane,Available,v2.0.0
2026-05-02,crusoe,a100-sxm-80gb,A100,80GB,SXM,IB-HDR,OnDemand,NonInterruptible,OnDemand,US-East,US,IIF,T2IF,1.9500,True,local-nvme;free-egress,Available,v2.0.0
2026-05-02,datacrunch,a100-sxm-80gb,A100,80GB,SXM,IB-HDR,OnDemand,NonInterruptible,OnDemand,EU,EU,SIF,T3IF,1.2900,True,local-nvme,Available,v2.0.0
2026-05-02,denvr,a100-sxm-80gb,A100,80GB,SXM,IB-HDR,OnDemand,NonInterruptible,OnDemand,Other,Other,SIF,T2IF,1.3000,True,local-nvme,Available,v2.0.0
2026-05-02,hyperstack,a100-sxm-80gb,A100,80GB,SXM,Ethernet,OnDemand,NonInterruptible,OnDemand,Other,Other,SIF,T3IF,1.6000,True,local-nvme,Available,v2.0.0
2026-05-02,lambda,a100-sxm-80gb,A100,80GB,SXM,Unknown,OnDemand,NonInterruptible,OnDemand,US-East,US,IIF,T2IF,2.7900,True,local-nvme,Available,v2.0.0
2026-05-02,massed_compute,a100-sxm-80gb,A100,80GB,SXM,Unknown,OnDemand,NonInterruptible,OnDemand,US-East,US,DIF,T3IF,1.2800,False,,Available,v2.0.0
2026-05-02,oci,a100-sxm-80gb,A100,80GB,SXM,RoCE-v2,OnDemand,NonInterruptible,OnDemand,US-East,US,HIF,T2IF,4.0000,True,local-nvme;egress-capped;managed-ops-plane;support-tier;observability,Available,v2.0.0
2026-05-02,runpod_cluster,a100-sxm-80gb,A100,80GB,SXM,IB-HDR,OnDemand,NonInterruptible,OnDemand,Other,Other,DIF,T2IF,1.7880,True,local-nvme,Available,v2.0.0
2026-05-02,runpod_community,a100-sxm-80gb,A100,80GB,SXM,Unknown,OnDemand,NonInterruptible,OnDemand,Other,Other,DIF,T3IF,1.3900,False,,Available,v2.0.0
2026-05-02,runpod_secure,a100-sxm-80gb,A100,80GB,SXM,IB-HDR,OnDemand,NonInterruptible,OnDemand,Other,Other,DIF,T2IF,1.4900,True,local-nvme,Available,v2.0.0
2026-05-02,tensordock,a100-sxm-80gb,A100,80GB,SXM,Unknown,OnDemand,NonInterruptible,OnDemand,Other,Other,DIF,T3IF,0.8500,False,,Available,v2.0.0
2026-05-02,vast_ai,a100-sxm-80gb,A100,80GB,SXM,Unknown,OnDemand,NonInterruptible,OnDemand,Other,Other,DIF,T3IF,0.6133,True,local-nvme,Available,v2.0.0
2026-05-02,vast_ai,a100-sxm-80gb,A100,80GB,SXM,Unknown,OnDemand,NonInterruptible,OnDemand,APAC,APAC,DIF,T3IF,1.3293,True,local-nvme,Available,v2.0.0
2026-05-02,vast_ai,a100-sxm-80gb,A100,80GB,SXM,Unknown,OnDemand,NonInterruptible,OnDemand,US-Central,US,DIF,T3IF,0.9334,True,local-nvme,Available,v2.0.0
2026-05-02,vast_ai_verified,a100-sxm-80gb,A100,80GB,SXM,Unknown,OnDemand,NonInterruptible,OnDemand,Other,Other,DIF,T3IF,0.9333,False,,Available,v2.0.0
2026-05-03,aws,a100-sxm-80gb,A100,80GB,SXM,EFA,OnDemand,NonInterruptible,OnDemand,US-East,US,HIF,T1IF,3.4309,True,local-nvme;managed-ops-plane;support-tier;observability,Available,v2.0.0
2026-05-03,aws,a100-sxm-80gb,A100,80GB,SXM,EFA,1Y,NonInterruptible,Reserved,US-East,US,HIF,T1IF,2.1752,True,local-nvme;managed-ops-plane;support-tier;observability,Available,v2.0.0
2026-05-03,aws,a100-sxm-80gb,A100,80GB,SXM,EFA,3Y,NonInterruptible,Reserved,US-East,US,HIF,T1IF,1.4647,True,local-nvme;managed-ops-plane;support-tier;observability,Available,v2.0.0
2026-05-03,azure,a100-sxm-80gb,A100,80GB,SXM,IB-HDR,OnDemand,NonInterruptible,OnDemand,US-East,US,HIF,T2IF,4.0963,True,local-nvme;managed-ops-plane;support-tier;observability,Available,v2.0.0
2026-05-03,azure,a100-sxm-80gb,A100,80GB,SXM,IB-HDR,1Y,NonInterruptible,Reserved,US-East,US,HIF,T2IF,2.6216,True,local-nvme;managed-ops-plane;support-tier;observability,Available,v2.0.0
2026-05-03,azure,a100-sxm-80gb,A100,80GB,SXM,IB-HDR,3Y,NonInterruptible,Reserved,US-East,US,HIF,T2IF,1.8024,True,local-nvme;managed-ops-plane;support-tier;observability,Available,v2.0.0
2026-05-03,coreweave,a100-sxm-80gb,A100,80GB,SXM,IB-HDR,OnDemand,NonInterruptible,OnDemand,US-East,US,IIF,T2IF,2.7000,True,local-nvme;free-egress;support-tier;observability;managed-ops-plane,Available,v2.0.0
2026-05-03,crusoe,a100-sxm-80gb,A100,80GB,SXM,IB-HDR,OnDemand,NonInterruptible,OnDemand,US-East,US,IIF,T2IF,1.9500,True,local-nvme;free-egress,Available,v2.0.0
2026-05-03,datacrunch,a100-sxm-80gb,A100,80GB,SXM,IB-HDR,OnDemand,NonInterruptible,OnDemand,EU,EU,SIF,T3IF,1.2900,True,local-nvme,Available,v2.0.0
2026-05-03,denvr,a100-sxm-80gb,A100,80GB,SXM,IB-HDR,OnDemand,NonInterruptible,OnDemand,Other,Other,SIF,T2IF,1.3000,True,local-nvme,Available,v2.0.0
2026-05-03,hyperstack,a100-sxm-80gb,A100,80GB,SXM,Ethernet,OnDemand,NonInterruptible,OnDemand,Other,Other,SIF,T3IF,1.6000,True,local-nvme,Available,v2.0.0
2026-05-03,lambda,a100-sxm-80gb,A100,80GB,SXM,Unknown,OnDemand,NonInterruptible,OnDemand,US-East,US,IIF,T2IF,2.7900,True,local-nvme,Available,v2.0.0
2026-05-03,massed_compute,a100-sxm-80gb,A100,80GB,SXM,Unknown,OnDemand,NonInterruptible,OnDemand,US-East,US,DIF,T3IF,1.2800,False,,Available,v2.0.0
2026-05-03,oci,a100-sxm-80gb,A100,80GB,SXM,RoCE-v2,OnDemand,NonInterruptible,OnDemand,US-East,US,HIF,T2IF,4.0000,True,local-nvme;egress-capped;managed-ops-plane;support-tier;observability,Available,v2.0.0
2026-05-03,runpod_cluster,a100-sxm-80gb,A100,80GB,SXM,IB-HDR,OnDemand,NonInterruptible,OnDemand,Other,Other,DIF,T2IF,1.7880,True,local-nvme,Available,v2.0.0
2026-05-03,runpod_community,a100-sxm-80gb,A100,80GB,SXM,Unknown,OnDemand,NonInterruptible,OnDemand,Other,Other,DIF,T3IF,1.3900,False,,Available,v2.0.0
2026-05-03,runpod_secure,a100-sxm-80gb,A100,80GB,SXM,IB-HDR,OnDemand,NonInterruptible,OnDemand,Other,Other,DIF,T2IF,1.4900,True,local-nvme,Available,v2.0.0
2026-05-03,tensordock,a100-sxm-80gb,A100,80GB,SXM,Unknown,OnDemand,NonInterruptible,OnDemand,Other,Other,DIF,T3IF,0.8500,False,,Available,v2.0.0
2026-05-03,vast_ai,a100-sxm-80gb,A100,80GB,SXM,Unknown,OnDemand,NonInterruptible,OnDemand,Other,Other,DIF,T3IF,0.6133,True,local-nvme,Available,v2.0.0
2026-05-03,vast_ai,a100-sxm-80gb,A100,80GB,SXM,Unknown,OnDemand,NonInterruptible,OnDemand,US-Central,US,DIF,T3IF,0.9334,True,local-nvme,Available,v2.0.0
2026-05-03,vast_ai,a100-sxm-80gb,A100,80GB,SXM,Unknown,OnDemand,NonInterruptible,OnDemand,APAC,APAC,DIF,T3IF,1.3293,True,local-nvme,Available,v2.0.0
2026-05-03,vast_ai_verified,a100-sxm-80gb,A100,80GB,SXM,Unknown,OnDemand,NonInterruptible,OnDemand,Other,Other,DIF,T3IF,0.4933,False,,Available,v2.0.0
2026-05-03,vultr,a100-sxm-80gb,A100,80GB,SXM,Unknown,OnDemand,NonInterruptible,OnDemand,Other,Other,SIF,T3IF,2.8000,False,,Available,v2.0.0
2026-05-04,aws,a100-sxm-80gb,A100,80GB,SXM,EFA,OnDemand,NonInterruptible,OnDemand,US-East,US,HIF,T1IF,3.4309,True,local-nvme;managed-ops-plane;support-tier;observability,Available,v2.0.0
2026-05-04,aws,a100-sxm-80gb,A100,80GB,SXM,EFA,1Y,NonInterruptible,Reserved,US-East,US,HIF,T1IF,2.1752,True,local-nvme;managed-ops-plane;support-tier;observability,Available,v2.0.0
2026-05-04,aws,a100-sxm-80gb,A100,80GB,SXM,EFA,3Y,NonInterruptible,Reserved,US-East,US,HIF,T1IF,1.4647,True,local-nvme;managed-ops-plane;support-tier;observability,Available,v2.0.0
2026-05-04,azure,a100-sxm-80gb,A100,80GB,SXM,IB-HDR,OnDemand,NonInterruptible,OnDemand,US-East,US,HIF,T2IF,4.0963,True,local-nvme;managed-ops-plane;support-tier;observability,Available,v2.0.0
2026-05-04,azure,a100-sxm-80gb,A100,80GB,SXM,IB-HDR,1Y,NonInterruptible,Reserved,US-East,US,HIF,T2IF,2.6216,True,local-nvme;managed-ops-plane;support-tier;observability,Available,v2.0.0
2026-05-04,azure,a100-sxm-80gb,A100,80GB,SXM,IB-HDR,3Y,NonInterruptible,Reserved,US-East,US,HIF,T2IF,1.8024,True,local-nvme;managed-ops-plane;support-tier;observability,Available,v2.0.0
2026-05-04,coreweave,a100-sxm-80gb,A100,80GB,SXM,IB-HDR,OnDemand,NonInterruptible,OnDemand,US-East,US,IIF,T2IF,2.7000,True,local-nvme;free-egress;support-tier;observability;managed-ops-plane,Available,v2.0.0
2026-05-04,crusoe,a100-sxm-80gb,A100,80GB,SXM,IB-HDR,OnDemand,NonInterruptible,OnDemand,US-East,US,IIF,T2IF,1.9500,True,local-nvme;free-egress,Available,v2.0.0
2026-05-04,datacrunch,a100-sxm-80gb,A100,80GB,SXM,IB-HDR,OnDemand,NonInterruptible,OnDemand,EU,EU,SIF,T3IF,1.2900,True,local-nvme,Available,v2.0.0
2026-05-04,denvr,a100-sxm-80gb,A100,80GB,SXM,IB-HDR,OnDemand,NonInterruptible,OnDemand,Other,Other,SIF,T2IF,1.3000,True,local-nvme,Available,v2.0.0
2026-05-04,hyperstack,a100-sxm-80gb,A100,80GB,SXM,Ethernet,OnDemand,NonInterruptible,OnDemand,Other,Other,SIF,T3IF,1.6000,True,local-nvme,Available,v2.0.0
2026-05-04,lambda,a100-sxm-80gb,A100,80GB,SXM,Unknown,OnDemand,NonInterruptible,OnDemand,US-East,US,IIF,T2IF,2.7900,True,local-nvme,Available,v2.0.0
2026-05-04,massed_compute,a100-sxm-80gb,A100,80GB,SXM,Unknown,OnDemand,NonInterruptible,OnDemand,US-East,US,DIF,T3IF,1.2800,False,,Available,v2.0.0
2026-05-04,oci,a100-sxm-80gb,A100,80GB,SXM,RoCE-v2,OnDemand,NonInterruptible,OnDemand,US-East,US,HIF,T2IF,4.0000,True,local-nvme;egress-capped;managed-ops-plane;support-tier;observability,Available,v2.0.0
2026-05-04,runpod_cluster,a100-sxm-80gb,A100,80GB,SXM,IB-HDR,OnDemand,NonInterruptible,OnDemand,Other,Other,DIF,T2IF,1.7880,True,local-nvme,Available,v2.0.0
2026-05-04,runpod_community,a100-sxm-80gb,A100,80GB,SXM,Unknown,OnDemand,NonInterruptible,OnDemand,Other,Other,DIF,T3IF,1.3900,False,,Available,v2.0.0
2026-05-04,runpod_secure,a100-sxm-80gb,A100,80GB,SXM,IB-HDR,OnDemand,NonInterruptible,OnDemand,Other,Other,DIF,T2IF,1.4900,True,local-nvme,Available,v2.0.0
2026-05-04,tensordock,a100-sxm-80gb,A100,80GB,SXM,Unknown,OnDemand,NonInterruptible,OnDemand,Other,Other,DIF,T3IF,0.8500,False,,Available,v2.0.0
2026-05-04,vast_ai,a100-sxm-80gb,A100,80GB,SXM,Unknown,OnDemand,NonInterruptible,OnDemand,Other,Other,DIF,T3IF,0.2667,True,local-nvme,Available,v2.0.0
2026-05-04,vast_ai,a100-sxm-80gb,A100,80GB,SXM,Unknown,OnDemand,NonInterruptible,OnDemand,US-Central,US,DIF,T3IF,0.9334,True,local-nvme,Available,v2.0.0
2026-05-04,vast_ai,a100-sxm-80gb,A100,80GB,SXM,Unknown,OnDemand,NonInterruptible,OnDemand,APAC,APAC,DIF,T3IF,1.3293,True,local-nvme,Available,v2.0.0
2026-05-04,vast_ai_verified,a100-sxm-80gb,A100,80GB,SXM,Unknown,OnDemand,NonInterruptible,OnDemand,Other,Other,DIF,T3IF,0.4800,False,,Available,v2.0.0
2026-05-04,vultr,a100-sxm-80gb,A100,80GB,SXM,Unknown,OnDemand,NonInterruptible,OnDemand,Other,Other,SIF,T3IF,2.8000,False,,Available,v2.0.0
2026-05-05,aws,a100-sxm-80gb,A100,80GB,SXM,EFA,OnDemand,NonInterruptible,OnDemand,US-East,US,HIF,T1IF,3.4309,True,local-nvme;managed-ops-plane;support-tier;observability,Available,v2.0.0
2026-05-05,aws,a100-sxm-80gb,A100,80GB,SXM,EFA,1Y,NonInterruptible,Reserved,US-East,US,HIF,T1IF,2.1752,True,local-nvme;managed-ops-plane;support-tier;observability,Available,v2.0.0
2026-05-05,aws,a100-sxm-80gb,A100,80GB,SXM,EFA,3Y,NonInterruptible,Reserved,US-East,US,HIF,T1IF,1.4647,True,local-nvme;managed-ops-plane;support-tier;observability,Available,v2.0.0
2026-05-05,azure,a100-sxm-80gb,A100,80GB,SXM,IB-HDR,OnDemand,NonInterruptible,OnDemand,US-East,US,HIF,T2IF,4.0963,True,local-nvme;managed-ops-plane;support-tier;observability,Available,v2.0.0
2026-05-05,azure,a100-sxm-80gb,A100,80GB,SXM,IB-HDR,1Y,NonInterruptible,Reserved,US-East,US,HIF,T2IF,2.6216,True,local-nvme;managed-ops-plane;support-tier;observability,Available,v2.0.0
2026-05-05,azure,a100-sxm-80gb,A100,80GB,SXM,IB-HDR,3Y,NonInterruptible,Reserved,US-East,US,HIF,T2IF,1.8024,True,local-nvme;managed-ops-plane;support-tier;observability,Available,v2.0.0
2026-05-05,coreweave,a100-sxm-80gb,A100,80GB,SXM,IB-HDR,OnDemand,NonInterruptible,OnDemand,US-East,US,IIF,T2IF,2.7000,True,local-nvme;free-egress;support-tier;observability;managed-ops-plane,Available,v2.0.0
2026-05-05,crusoe,a100-sxm-80gb,A100,80GB,SXM,IB-HDR,OnDemand,NonInterruptible,OnDemand,US-East,US,IIF,T2IF,1.9500,True,local-nvme;free-egress,Available,v2.0.0
2026-05-05,datacrunch,a100-sxm-80gb,A100,80GB,SXM,IB-HDR,OnDemand,NonInterruptible,OnDemand,EU,EU,SIF,T3IF,1.2900,True,local-nvme,Available,v2.0.0
2026-05-05,denvr,a100-sxm-80gb,A100,80GB,SXM,IB-HDR,OnDemand,NonInterruptible,OnDemand,Other,Other,SIF,T2IF,1.3000,True,local-nvme,Available,v2.0.0
2026-05-05,hyperstack,a100-sxm-80gb,A100,80GB,SXM,Ethernet,OnDemand,NonInterruptible,OnDemand,Other,Other,SIF,T3IF,1.6000,True,local-nvme,Available,v2.0.0
2026-05-05,lambda,a100-sxm-80gb,A100,80GB,SXM,Unknown,OnDemand,NonInterruptible,OnDemand,US-East,US,IIF,T2IF,2.7900,True,local-nvme,Available,v2.0.0
2026-05-05,massed_compute,a100-sxm-80gb,A100,80GB,SXM,Unknown,OnDemand,NonInterruptible,OnDemand,US-East,US,DIF,T3IF,1.2800,False,,Available,v2.0.0
2026-05-05,oci,a100-sxm-80gb,A100,80GB,SXM,RoCE-v2,OnDemand,NonInterruptible,OnDemand,US-East,US,HIF,T2IF,4.0000,True,local-nvme;egress-capped;managed-ops-plane;support-tier;observability,Available,v2.0.0
2026-05-05,runpod_cluster,a100-sxm-80gb,A100,80GB,SXM,IB-HDR,OnDemand,NonInterruptible,OnDemand,Other,Other,DIF,T2IF,1.7880,True,local-nvme,Available,v2.0.0
2026-05-05,runpod_community,a100-sxm-80gb,A100,80GB,SXM,Unknown,OnDemand,NonInterruptible,OnDemand,Other,Other,DIF,T3IF,1.3900,False,,Available,v2.0.0
2026-05-05,runpod_secure,a100-sxm-80gb,A100,80GB,SXM,IB-HDR,OnDemand,NonInterruptible,OnDemand,Other,Other,DIF,T2IF,1.4900,True,local-nvme,Available,v2.0.0
2026-05-05,tensordock,a100-sxm-80gb,A100,80GB,SXM,Unknown,OnDemand,NonInterruptible,OnDemand,Other,Other,DIF,T3IF,0.8500,False,,Available,v2.0.0
2026-05-05,vast_ai,a100-sxm-80gb,A100,80GB,SXM,Unknown,OnDemand,NonInterruptible,OnDemand,Other,Other,DIF,T3IF,0.2667,True,local-nvme,Available,v2.0.0
2026-05-05,vast_ai,a100-sxm-80gb,A100,80GB,SXM,Unknown,OnDemand,NonInterruptible,OnDemand,US-Central,US,DIF,T3IF,0.9334,True,local-nvme,Available,v2.0.0
2026-05-05,vast_ai_verified,a100-sxm-80gb,A100,80GB,SXM,Unknown,OnDemand,NonInterruptible,OnDemand,Other,Other,DIF,T3IF,0.9333,False,,Available,v2.0.0
2026-05-05,vultr,a100-sxm-80gb,A100,80GB,SXM,Unknown,OnDemand,NonInterruptible,OnDemand,Other,Other,SIF,T3IF,2.8000,False,,Available,v2.0.0
