series_id,as_of_date,factory_type,gpu_model,form_factor,interruptibility,region,commitment_term,headline_window_days,price_mean_usd_per_gpu_hour,price_median,price_p25,price_p75,price_min,price_max,price_mean_1d,price_mean_3d,price_mean_7d,n_sources,n_observations,hhi,n_sources_1d,n_observations_1d,n_sources_3d,n_observations_3d,n_sources_7d,n_observations_7d,confidence_level,promotion_status,window_start,window_end,methodology_version
CRI-DIF-3090-ALL-ALL-OD-APAC,2026-04-29,DIF,3090,ALL,ALL,APAC,OnDemand,7,0.1889,0.1240,0.1173,0.1240,0.1173,1.3333,0.1173,0.1389,0.1889,1,21,10000.0,1.0,2.0,1.0,10.0,1,21,Low,Shadow,2026-04-23,2026-04-29,v2.0.0
CRI-DIF-3090-ALL-ALL-OD-EU,2026-04-29,DIF,3090,ALL,ALL,EU,OnDemand,7,0.2313,0.2507,0.2000,0.2533,0.2000,0.2533,0.2000,0.2290,0.2313,1,15,10000.0,1.0,1.0,1.0,7.0,1,15,Low,Shadow,2026-04-23,2026-04-29,v2.0.0
CRI-DIF-3090-ALL-ALL-OD-US,2026-04-29,DIF,3090,ALL,ALL,US,OnDemand,7,0.1862,0.2000,0.1884,0.2000,0.1067,0.2000,0.1617,0.1836,0.1862,2,31,5879.3,2.0,4.0,2.0,15.0,2,31,Medium,Shadow,2026-04-23,2026-04-29,v2.0.0
CRI-DIF-3090-ALL-GTD-OD-APAC,2026-04-29,DIF,3090,ALL,GTD,APAC,OnDemand,7,0.1317,0.1240,0.1173,0.1240,0.1173,0.2360,0.1173,0.1389,0.1317,1,20,10000.0,1.0,2.0,1.0,10.0,1,20,Low,Shadow,2026-04-23,2026-04-29,v2.0.0
CRI-DIF-3090-ALL-GTD-OD-EU,2026-04-29,DIF,3090,ALL,GTD,EU,OnDemand,7,0.2313,0.2507,0.2000,0.2533,0.2000,0.2533,0.2000,0.2290,0.2313,1,15,10000.0,1.0,1.0,1.0,7.0,1,15,Low,Shadow,2026-04-23,2026-04-29,v2.0.0
CRI-DIF-3090-ALL-GTD-OD-US,2026-04-29,DIF,3090,ALL,GTD,US,OnDemand,7,0.1862,0.2000,0.1884,0.2000,0.1067,0.2000,0.1617,0.1836,0.1862,2,31,5879.3,2.0,4.0,2.0,15.0,2,31,Medium,Shadow,2026-04-23,2026-04-29,v2.0.0
CRI-DIF-3090-ALL-INT-OD-ALL,2026-04-29,DIF,3090,ALL,INT,ALL,OnDemand,7,0.5122,0.4117,0.1017,0.7217,0.0934,1.3333,,,0.5122,2,3,5555.6,,,,,2,3,Medium,Shadow,2026-04-23,2026-04-29,v2.0.0
CRI-DIF-3090-ALL-INT-OD-APAC,2026-04-29,DIF,3090,ALL,INT,APAC,OnDemand,7,1.3333,1.3333,1.3333,1.3333,1.3333,1.3333,,,1.3333,1,1,10000.0,,,,,1,1,Low,Shadow,2026-04-23,2026-04-29,v2.0.0
CRI-DIF-3090-ALL-INT-OD-Other,2026-04-29,DIF,3090,ALL,INT,Other,OnDemand,7,0.1017,0.1017,0.0975,0.1058,0.0934,0.1100,,,0.1017,2,2,5000.0,,,,,2,2,Medium,Shadow,2026-04-23,2026-04-29,v2.0.0
CRI-DIF-4090-ALL-ALL-OD-APAC,2026-04-29,DIF,4090,ALL,ALL,APAC,OnDemand,7,0.2833,0.2933,0.2667,0.3067,0.2000,0.3200,0.3180,0.2876,0.2833,1,21,10000.0,1.0,2.0,1.0,10.0,1,21,Low,Shadow,2026-04-23,2026-04-29,v2.0.0
CRI-DIF-4090-ALL-ALL-OD-EU,2026-04-29,DIF,4090,ALL,ALL,EU,OnDemand,7,0.4401,0.4000,0.4000,0.5200,0.3333,0.5200,0.3800,0.4093,0.4401,1,21,10000.0,1.0,2.0,1.0,10.0,1,21,Low,Shadow,2026-04-23,2026-04-29,v2.0.0
CRI-DIF-4090-ALL-ALL-OD-US,2026-04-29,DIF,4090,ALL,ALL,US,OnDemand,7,0.3661,0.3791,0.2667,0.4400,0.1480,0.8667,0.3593,0.3874,0.3661,2,53,7180.5,2.0,5.0,2.0,25.0,2,53,Medium,Shadow,2026-04-23,2026-04-29,v2.0.0
CRI-DIF-4090-ALL-GTD-OD-APAC,2026-04-29,DIF,4090,ALL,GTD,APAC,OnDemand,7,0.2849,0.2933,0.2667,0.3067,0.2000,0.3200,0.3180,0.2876,0.2849,1,20,10000.0,1.0,2.0,1.0,10.0,1,20,Low,Shadow,2026-04-23,2026-04-29,v2.0.0
CRI-DIF-4090-ALL-GTD-OD-EU,2026-04-29,DIF,4090,ALL,GTD,EU,OnDemand,7,0.4427,0.4200,0.4000,0.5200,0.3333,0.5200,0.3800,0.4093,0.4427,1,20,10000.0,1.0,2.0,1.0,10.0,1,20,Low,Shadow,2026-04-23,2026-04-29,v2.0.0
CRI-DIF-4090-ALL-GTD-OD-US,2026-04-29,DIF,4090,ALL,GTD,US,OnDemand,7,0.3703,0.3791,0.3067,0.4400,0.1644,0.8667,0.3593,0.3874,0.3703,2,52,7137.6,2.0,5.0,2.0,25.0,2,52,Medium,Shadow,2026-04-23,2026-04-29,v2.0.0
CRI-DIF-4090-ALL-INT-OD-ALL,2026-04-29,DIF,4090,ALL,INT,ALL,OnDemand,7,0.2885,0.2460,0.2000,0.3400,0.0800,0.6787,,0.3930,0.2885,2,11,8347.1,,,1.0,4.0,2,11,Medium,Shadow,2026-04-23,2026-04-29,v2.0.0
CRI-DIF-4090-ALL-INT-OD-APAC,2026-04-29,DIF,4090,ALL,INT,APAC,OnDemand,7,0.2507,0.2507,0.2507,0.2507,0.2507,0.2507,,,0.2507,1,1,10000.0,,,,,1,1,Low,Shadow,2026-04-23,2026-04-29,v2.0.0
CRI-DIF-4090-ALL-INT-OD-EU,2026-04-29,DIF,4090,ALL,INT,EU,OnDemand,7,0.3893,0.3893,0.3893,0.3893,0.3893,0.3893,,,0.3893,1,1,10000.0,,,,,1,1,Low,Shadow,2026-04-23,2026-04-29,v2.0.0
CRI-DIF-4090-ALL-INT-OD-Other,2026-04-29,DIF,4090,ALL,INT,Other,OnDemand,7,0.2982,0.2666,0.2000,0.3367,0.0800,0.6787,,0.3930,0.2982,2,8,7812.5,,,1.0,4.0,2,8,Medium,Shadow,2026-04-23,2026-04-29,v2.0.0
CRI-DIF-4090-ALL-INT-OD-US,2026-04-29,DIF,4090,ALL,INT,US,OnDemand,7,0.1480,0.1480,0.1480,0.1480,0.1480,0.1480,,,0.1480,1,1,10000.0,,,,,1,1,Low,Shadow,2026-04-23,2026-04-29,v2.0.0
CRI-DIF-5090-ALL-ALL-OD-APAC,2026-04-29,DIF,5090,ALL,ALL,APAC,OnDemand,7,0.8381,1.0667,0.3733,1.0667,0.2667,1.0667,0.3733,0.8560,0.8381,1,21,10000.0,1.0,2.0,1.0,10.0,1,21,Low,Shadow,2026-04-23,2026-04-29,v2.0.0
CRI-DIF-5090-ALL-ALL-OD-EU,2026-04-29,DIF,5090,ALL,ALL,EU,OnDemand,7,0.4703,0.3067,0.3067,0.6667,0.3067,0.6667,,0.6667,0.4703,1,11,10000.0,,,1.0,2.0,1,11,Low,Shadow,2026-04-23,2026-04-29,v2.0.0
CRI-DIF-5090-ALL-ALL-OD-US,2026-04-29,DIF,5090,ALL,ALL,US,OnDemand,7,0.4471,0.4700,0.3400,0.5000,0.1333,0.6933,0.4886,0.4403,0.4471,2,67,7674.3,2.0,7.0,2.0,30.0,2,67,Medium,Shadow,2026-04-23,2026-04-29,v2.0.0
CRI-DIF-5090-ALL-GTD-OD-APAC,2026-04-29,DIF,5090,ALL,GTD,APAC,OnDemand,7,0.8667,1.0667,0.5933,1.0667,0.3067,1.0667,0.3733,0.8560,0.8667,1,20,10000.0,1.0,2.0,1.0,10.0,1,20,Low,Shadow,2026-04-23,2026-04-29,v2.0.0
CRI-DIF-5090-ALL-GTD-OD-EU,2026-04-29,DIF,5090,ALL,GTD,EU,OnDemand,7,0.4703,0.3067,0.3067,0.6667,0.3067,0.6667,,0.6667,0.4703,1,11,10000.0,,,1.0,2.0,1,11,Low,Shadow,2026-04-23,2026-04-29,v2.0.0
CRI-DIF-5090-ALL-GTD-OD-US,2026-04-29,DIF,5090,ALL,GTD,US,OnDemand,7,0.4514,0.4700,0.3400,0.5267,0.1333,0.6933,0.4886,0.4416,0.4514,2,63,7551.0,2.0,7.0,2.0,29.0,2,63,Medium,Shadow,2026-04-23,2026-04-29,v2.0.0
CRI-DIF-5090-ALL-INT-OD-ALL,2026-04-29,DIF,5090,ALL,INT,ALL,OnDemand,7,0.3525,0.4000,0.2534,0.4284,0.2000,0.4800,,0.4000,0.3525,1,8,10000.0,,,1.0,2.0,1,8,Low,Shadow,2026-04-23,2026-04-29,v2.0.0
CRI-DIF-5090-ALL-INT-OD-APAC,2026-04-29,DIF,5090,ALL,INT,APAC,OnDemand,7,0.2667,0.2667,0.2667,0.2667,0.2667,0.2667,,,0.2667,1,1,10000.0,,,,,1,1,Low,Shadow,2026-04-23,2026-04-29,v2.0.0
CRI-DIF-5090-ALL-INT-OD-Other,2026-04-29,DIF,5090,ALL,INT,Other,OnDemand,7,0.3467,0.4000,0.3066,0.4133,0.2133,0.4267,,0.4000,0.3467,1,3,10000.0,,,1.0,1.0,1,3,Low,Shadow,2026-04-23,2026-04-29,v2.0.0
CRI-DIF-5090-ALL-INT-OD-US,2026-04-29,DIF,5090,ALL,INT,US,OnDemand,7,0.3783,0.4167,0.3500,0.4450,0.2000,0.4800,,0.4000,0.3783,1,4,10000.0,,,1.0,1.0,1,4,Low,Shadow,2026-04-23,2026-04-29,v2.0.0
CRI-DIF-A10-ALL-ALL-OD-ALL,2026-04-29,DIF,A10,ALL,ALL,ALL,OnDemand,7,0.1195,0.1467,0.1067,0.1067,0.0800,0.1867,0.1600,0.1267,0.1195,2,23,8412.1,2.0,3.0,2.0,12.0,2,23,Medium,Shadow,2026-04-23,2026-04-29,v2.0.0
CRI-DIF-A10-ALL-ALL-OD-Other,2026-04-29,DIF,A10,ALL,ALL,Other,OnDemand,7,0.1195,0.1467,0.1067,0.1067,0.0800,0.1867,0.1600,0.1267,0.1195,2,23,8412.1,2.0,3.0,2.0,12.0,2,23,Medium,Shadow,2026-04-23,2026-04-29,v2.0.0
CRI-DIF-A10-ALL-GTD-OD-ALL,2026-04-29,DIF,A10,ALL,GTD,ALL,OnDemand,7,0.1212,0.1467,0.1067,0.1067,0.1067,0.1867,0.1600,0.1267,0.1212,2,22,8347.1,2.0,3.0,2.0,12.0,2,22,Medium,Shadow,2026-04-23,2026-04-29,v2.0.0
CRI-DIF-A10-ALL-GTD-OD-Other,2026-04-29,DIF,A10,ALL,GTD,Other,OnDemand,7,0.1212,0.1467,0.1067,0.1067,0.1067,0.1867,0.1600,0.1267,0.1212,2,22,8347.1,2.0,3.0,2.0,12.0,2,22,Medium,Shadow,2026-04-23,2026-04-29,v2.0.0
CRI-DIF-A10-ALL-INT-OD-ALL,2026-04-29,DIF,A10,ALL,INT,ALL,OnDemand,7,0.0800,0.0800,0.0800,0.0800,0.0800,0.0800,,,0.0800,1,1,10000.0,,,,,1,1,Low,Shadow,2026-04-23,2026-04-29,v2.0.0
CRI-DIF-A10-ALL-INT-OD-Other,2026-04-29,DIF,A10,ALL,INT,Other,OnDemand,7,0.0800,0.0800,0.0800,0.0800,0.0800,0.0800,,,0.0800,1,1,10000.0,,,,,1,1,Low,Shadow,2026-04-23,2026-04-29,v2.0.0
CRI-DIF-A10-PCIe-ALL-OD-ALL,2026-04-29,DIF,A10,PCIe,ALL,ALL,OnDemand,7,0.1195,0.1467,0.1067,0.1067,0.0800,0.1867,0.1600,0.1267,0.1195,2,23,8412.1,2.0,3.0,2.0,12.0,2,23,Medium,Shadow,2026-04-23,2026-04-29,v2.0.0
CRI-DIF-A100-40GB-ALL-ALL-OD-ALL,2026-04-29,DIF,A100,ALL,ALL,ALL,OnDemand,7,0.7508,0.6262,0.6262,1.0000,0.2524,1.0000,,,0.7508,2,3,5555.6,,,,,2,3,Medium,Shadow,2026-04-23,2026-04-29,v2.0.0
CRI-DIF-A100-40GB-ALL-ALL-OD-EU,2026-04-29,DIF,A100,ALL,ALL,EU,OnDemand,7,0.2524,0.2524,0.2524,0.2524,0.2524,0.2524,,,0.2524,1,1,10000.0,,,,,1,1,Low,Shadow,2026-04-23,2026-04-29,v2.0.0
CRI-DIF-A100-40GB-ALL-ALL-OD-US,2026-04-29,DIF,A100,ALL,ALL,US,OnDemand,7,1.0000,1.0000,1.0000,1.0000,1.0000,1.0000,,,1.0000,1,2,10000.0,,,,,1,2,Low,Shadow,2026-04-23,2026-04-29,v2.0.0
CRI-DIF-A100-40GB-ALL-INT-OD-ALL,2026-04-29,DIF,A100,ALL,INT,ALL,OnDemand,7,0.7508,0.6262,0.6262,1.0000,0.2524,1.0000,,,0.7508,2,3,5555.6,,,,,2,3,Medium,Shadow,2026-04-23,2026-04-29,v2.0.0
CRI-DIF-A100-40GB-ALL-INT-OD-EU,2026-04-29,DIF,A100,ALL,INT,EU,OnDemand,7,0.2524,0.2524,0.2524,0.2524,0.2524,0.2524,,,0.2524,1,1,10000.0,,,,,1,1,Low,Shadow,2026-04-23,2026-04-29,v2.0.0
CRI-DIF-A100-40GB-ALL-INT-OD-US,2026-04-29,DIF,A100,ALL,INT,US,OnDemand,7,1.0000,1.0000,1.0000,1.0000,1.0000,1.0000,,,1.0000,1,2,10000.0,,,,,1,2,Low,Shadow,2026-04-23,2026-04-29,v2.0.0
CRI-DIF-A100-40GB-PCIe-ALL-OD-ALL,2026-04-29,DIF,A100,PCIe,ALL,ALL,OnDemand,7,1.0000,1.0000,1.0000,1.0000,1.0000,1.0000,,,1.0000,1,2,10000.0,,,,,1,2,Low,Shadow,2026-04-23,2026-04-29,v2.0.0
CRI-DIF-A100-40GB-SXM-ALL-OD-ALL,2026-04-29,DIF,A100,SXM,ALL,ALL,OnDemand,7,0.2524,0.2524,0.2524,0.2524,0.2524,0.2524,,,0.2524,1,1,10000.0,,,,,1,1,Low,Shadow,2026-04-23,2026-04-29,v2.0.0
CRI-DIF-A100-ALL-ALL-OD-APAC,2026-04-29,DIF,A100,ALL,ALL,APAC,OnDemand,7,0.9785,0.8306,0.8000,1.0133,0.8000,1.6333,0.8000,0.8565,0.9785,1,24,10000.0,1.0,2.0,1.0,10.0,1,24,Low,Shadow,2026-04-23,2026-04-29,v2.0.0
CRI-DIF-A100-ALL-ALL-OD-EU,2026-04-29,DIF,A100,ALL,ALL,EU,OnDemand,7,0.4637,0.4591,0.4667,0.4667,0.4515,0.4667,0.4667,0.4667,0.4637,2,10,6800.0,1.0,2.0,1.0,7.0,2,10,Medium,Shadow,2026-04-23,2026-04-29,v2.0.0
CRI-DIF-A100-ALL-GTD-OD-APAC,2026-04-29,DIF,A100,ALL,GTD,APAC,OnDemand,7,0.9451,0.8000,0.8000,1.0133,0.8000,1.6333,0.8000,0.8565,0.9451,1,22,10000.0,1.0,2.0,1.0,10.0,1,22,Low,Shadow,2026-04-23,2026-04-29,v2.0.0
CRI-DIF-A100-ALL-GTD-OD-EU,2026-04-29,DIF,A100,ALL,GTD,EU,OnDemand,7,0.4667,0.4667,0.4667,0.4667,0.4667,0.4667,0.4667,0.4667,0.4667,1,8,10000.0,1.0,2.0,1.0,7.0,1,8,Low,Shadow,2026-04-23,2026-04-29,v2.0.0
CRI-DIF-A100-ALL-INT-OD-APAC,2026-04-29,DIF,A100,ALL,INT,APAC,OnDemand,7,1.3460,1.3460,1.2024,1.4896,1.0587,1.6333,,,1.3460,1,2,10000.0,,,,,1,2,Low,Shadow,2026-04-23,2026-04-29,v2.0.0
CRI-DIF-A100-ALL-INT-OD-EU,2026-04-29,DIF,A100,ALL,INT,EU,OnDemand,7,0.4515,0.4515,0.4515,0.4515,0.4515,0.4515,,,0.4515,1,2,10000.0,,,,,1,2,Low,Shadow,2026-04-23,2026-04-29,v2.0.0
CRI-DIF-A100-ALL-INT-OD-Other,2026-04-29,DIF,A100,ALL,INT,Other,OnDemand,7,0.7008,0.6950,0.5333,0.8625,0.3333,1.0800,,,0.7008,3,4,3750.0,,,,,3,4,Medium,Shadow,2026-04-23,2026-04-29,v2.0.0
CRI-DIF-A100-ALL-INT-OD-US,2026-04-29,DIF,A100,ALL,INT,US,OnDemand,7,1.1240,0.9350,1.2000,1.3000,0.6200,1.3000,,,1.1240,2,5,6800.0,,,,,2,5,Medium,Shadow,2026-04-23,2026-04-29,v2.0.0
CRI-DIF-A40-ALL-ALL-OD-APAC,2026-04-29,DIF,A40,ALL,ALL,APAC,OnDemand,7,0.1992,0.1200,0.1200,0.1200,0.0800,0.6000,,0.2967,0.1992,1,17,10000.0,,,1.0,8.0,1,17,Low,Shadow,2026-04-23,2026-04-29,v2.0.0
CRI-DIF-A40-ALL-ALL-OD-EU,2026-04-29,DIF,A40,ALL,ALL,EU,OnDemand,7,0.1600,0.1600,0.1600,0.1600,0.1600,0.1600,0.1600,0.1600,0.1600,1,13,10000.0,1.0,1.0,1.0,8.0,1,13,Low,Shadow,2026-04-23,2026-04-29,v2.0.0
CRI-DIF-A40-ALL-ALL-OD-US,2026-04-29,DIF,A40,ALL,ALL,US,OnDemand,7,0.4000,0.4000,0.4000,0.4000,0.4000,0.4000,,,0.4000,1,2,10000.0,,,,,1,2,Low,Shadow,2026-04-23,2026-04-29,v2.0.0
CRI-DIF-A40-ALL-GTD-OD-APAC,2026-04-29,DIF,A40,ALL,GTD,APAC,OnDemand,7,0.2042,0.1200,0.1200,0.1200,0.0800,0.6000,,0.2967,0.2042,1,16,10000.0,,,1.0,8.0,1,16,Low,Shadow,2026-04-23,2026-04-29,v2.0.0
CRI-DIF-A40-ALL-GTD-OD-EU,2026-04-29,DIF,A40,ALL,GTD,EU,OnDemand,7,0.1600,0.1600,0.1600,0.1600,0.1600,0.1600,0.1600,0.1600,0.1600,1,13,10000.0,1.0,1.0,1.0,8.0,1,13,Low,Shadow,2026-04-23,2026-04-29,v2.0.0
CRI-DIF-A40-ALL-INT-OD-ALL,2026-04-29,DIF,A40,ALL,INT,ALL,OnDemand,7,0.2900,0.2400,0.2100,0.4000,0.1200,0.4000,,,0.2900,3,4,3750.0,,,,,3,4,Medium,Shadow,2026-04-23,2026-04-29,v2.0.0
CRI-DIF-A40-ALL-INT-OD-APAC,2026-04-29,DIF,A40,ALL,INT,APAC,OnDemand,7,0.1200,0.1200,0.1200,0.1200,0.1200,0.1200,,,0.1200,1,1,10000.0,,,,,1,1,Low,Shadow,2026-04-23,2026-04-29,v2.0.0
CRI-DIF-A40-ALL-INT-OD-Other,2026-04-29,DIF,A40,ALL,INT,Other,OnDemand,7,0.2400,0.2400,0.2400,0.2400,0.2400,0.2400,,,0.2400,1,1,10000.0,,,,,1,1,Low,Shadow,2026-04-23,2026-04-29,v2.0.0
CRI-DIF-A40-ALL-INT-OD-US,2026-04-29,DIF,A40,ALL,INT,US,OnDemand,7,0.4000,0.4000,0.4000,0.4000,0.4000,0.4000,,,0.4000,1,2,10000.0,,,,,1,2,Low,Shadow,2026-04-23,2026-04-29,v2.0.0
CRI-DIF-B200-ALL-ALL-OD-APAC,2026-04-29,DIF,B200,ALL,ALL,APAC,OnDemand,7,3.6250,3.6250,3.6250,3.6250,3.6250,3.6250,,,3.6250,1,2,10000.0,,,,,1,2,Low,Shadow,2026-04-23,2026-04-29,v2.0.0
CRI-DIF-B200-ALL-ALL-OD-EU,2026-04-29,DIF,B200,ALL,ALL,EU,OnDemand,7,1.7115,1.7115,1.7115,1.7115,1.7115,1.7115,,,1.7115,1,2,10000.0,,,,,1,2,Low,Shadow,2026-04-23,2026-04-29,v2.0.0
CRI-DIF-B200-ALL-ALL-OD-Other,2026-04-29,DIF,B200,ALL,ALL,Other,OnDemand,7,5.3072,5.7940,5.0000,6.5880,3.3600,6.5880,,,5.3072,2,5,5200.0,,,,,2,5,Medium,Shadow,2026-04-23,2026-04-29,v2.0.0
CRI-DIF-B200-ALL-GTD-OD-ALL,2026-04-29,DIF,B200,ALL,GTD,ALL,OnDemand,7,5.0710,5.4503,3.9688,6.1910,3.6250,6.5880,,,5.0710,2,6,5555.6,,,,,2,6,Medium,Shadow,2026-04-23,2026-04-29,v2.0.0
CRI-DIF-B200-ALL-GTD-OD-APAC,2026-04-29,DIF,B200,ALL,GTD,APAC,OnDemand,7,3.6250,3.6250,3.6250,3.6250,3.6250,3.6250,,,3.6250,1,2,10000.0,,,,,1,2,Low,Shadow,2026-04-23,2026-04-29,v2.0.0
CRI-DIF-B200-ALL-GTD-OD-Other,2026-04-29,DIF,B200,ALL,GTD,Other,OnDemand,7,5.7940,5.7940,5.0000,6.5880,5.0000,6.5880,,,5.7940,2,4,5000.0,,,,,2,4,Medium,Shadow,2026-04-23,2026-04-29,v2.0.0
CRI-DIF-B200-ALL-INT-OD-ALL,2026-04-29,DIF,B200,ALL,INT,ALL,OnDemand,7,2.2610,2.5358,1.7115,2.5358,1.7115,3.3600,,,2.2610,2,3,5555.6,,,,,2,3,Medium,Shadow,2026-04-23,2026-04-29,v2.0.0
CRI-DIF-B200-ALL-INT-OD-EU,2026-04-29,DIF,B200,ALL,INT,EU,OnDemand,7,1.7115,1.7115,1.7115,1.7115,1.7115,1.7115,,,1.7115,1,2,10000.0,,,,,1,2,Low,Shadow,2026-04-23,2026-04-29,v2.0.0
CRI-DIF-B200-ALL-INT-OD-Other,2026-04-29,DIF,B200,ALL,INT,Other,OnDemand,7,3.3600,3.3600,3.3600,3.3600,3.3600,3.3600,,,3.3600,1,1,10000.0,,,,,1,1,Low,Shadow,2026-04-23,2026-04-29,v2.0.0
CRI-DIF-B300-ALL-ALL-OD-EU,2026-04-29,DIF,B300,ALL,ALL,EU,OnDemand,7,2.4470,2.4470,2.4470,2.4470,2.4470,2.4470,,,2.4470,1,1,10000.0,,,,,1,1,Low,Shadow,2026-04-23,2026-04-29,v2.0.0
CRI-DIF-B300-ALL-INT-OD-ALL,2026-04-29,DIF,B300,ALL,INT,ALL,OnDemand,7,2.4470,2.4470,2.4470,2.4470,2.4470,2.4470,,,2.4470,1,1,10000.0,,,,,1,1,Low,Shadow,2026-04-23,2026-04-29,v2.0.0
CRI-DIF-B300-ALL-INT-OD-EU,2026-04-29,DIF,B300,ALL,INT,EU,OnDemand,7,2.4470,2.4470,2.4470,2.4470,2.4470,2.4470,,,2.4470,1,1,10000.0,,,,,1,1,Low,Shadow,2026-04-23,2026-04-29,v2.0.0
CRI-DIF-H100-ALL-ALL-OD-APAC,2026-04-29,DIF,H100,ALL,ALL,APAC,OnDemand,7,1.7714,1.8667,1.6000,2.0000,1.3333,2.0000,1.8667,1.6667,1.7714,1,7,10000.0,1.0,1.0,1.0,2.0,1,7,Low,Shadow,2026-04-23,2026-04-29,v2.0.0
CRI-DIF-H100-ALL-ALL-OD-EU,2026-04-29,DIF,H100,ALL,ALL,EU,OnDemand,7,0.8015,0.8015,0.8015,0.8015,0.8015,0.8015,,,0.8015,1,1,10000.0,,,,,1,1,Low,Shadow,2026-04-23,2026-04-29,v2.0.0
CRI-DIF-H100-ALL-GTD-OD-APAC,2026-04-29,DIF,H100,ALL,GTD,APAC,OnDemand,7,1.7333,1.8000,1.5333,1.9667,1.3333,2.0000,1.8667,1.6667,1.7333,1,6,10000.0,1.0,1.0,1.0,2.0,1,6,Low,Shadow,2026-04-23,2026-04-29,v2.0.0
CRI-DIF-H100-ALL-INT-OD-APAC,2026-04-29,DIF,H100,ALL,INT,APAC,OnDemand,7,2.0000,2.0000,2.0000,2.0000,2.0000,2.0000,,,2.0000,1,1,10000.0,,,,,1,1,Low,Shadow,2026-04-23,2026-04-29,v2.0.0
CRI-DIF-H100-ALL-INT-OD-EU,2026-04-29,DIF,H100,ALL,INT,EU,OnDemand,7,0.8015,0.8015,0.8015,0.8015,0.8015,0.8015,,,0.8015,1,1,10000.0,,,,,1,1,Low,Shadow,2026-04-23,2026-04-29,v2.0.0
CRI-DIF-H100-ALL-INT-OD-US,2026-04-29,DIF,H100,ALL,INT,US,OnDemand,7,1.3800,1.3800,1.3800,1.3800,1.3800,1.3800,,,1.3800,1,1,10000.0,,,,,1,1,Low,Shadow,2026-04-23,2026-04-29,v2.0.0
CRI-DIF-H200-ALL-ALL-OD-APAC,2026-04-29,DIF,H200,ALL,ALL,APAC,OnDemand,7,4.0512,4.2452,3.9542,4.2452,3.6632,4.2452,,,4.0512,1,3,10000.0,,,,,1,3,Low,Shadow,2026-04-23,2026-04-29,v2.0.0
CRI-DIF-H200-ALL-ALL-OD-EU,2026-04-29,DIF,H200,ALL,ALL,EU,OnDemand,7,2.8839,2.8839,2.0354,3.7323,1.1870,4.5807,,,2.8839,2,2,5000.0,,,,,2,2,Medium,Shadow,2026-04-23,2026-04-29,v2.0.0
CRI-DIF-H200-ALL-ALL-OD-Other,2026-04-29,DIF,H200,ALL,ALL,Other,OnDemand,7,2.9284,2.9284,1.8667,3.9900,1.8667,3.9900,,,2.9284,2,4,5000.0,,,,,2,4,Medium,Shadow,2026-04-23,2026-04-29,v2.0.0
CRI-DIF-H200-ALL-ALL-OD-US,2026-04-29,DIF,H200,ALL,ALL,US,OnDemand,7,2.8900,2.8900,2.8900,2.8900,2.8900,2.8900,,,2.8900,1,1,10000.0,,,,,1,1,Low,Shadow,2026-04-23,2026-04-29,v2.0.0
CRI-DIF-H200-ALL-GTD-OD-APAC,2026-04-29,DIF,H200,ALL,GTD,APAC,OnDemand,7,4.2452,4.2452,4.2452,4.2452,4.2452,4.2452,,,4.2452,1,2,10000.0,,,,,1,2,Low,Shadow,2026-04-23,2026-04-29,v2.0.0
CRI-DIF-H200-ALL-GTD-OD-EU,2026-04-29,DIF,H200,ALL,GTD,EU,OnDemand,7,4.5807,4.5807,4.5807,4.5807,4.5807,4.5807,,,4.5807,1,1,10000.0,,,,,1,1,Low,Shadow,2026-04-23,2026-04-29,v2.0.0
CRI-DIF-H200-ALL-GTD-OD-Other,2026-04-29,DIF,H200,ALL,GTD,Other,OnDemand,7,2.9284,2.9284,1.8667,3.9900,1.8667,3.9900,,,2.9284,2,4,5000.0,,,,,2,4,Medium,Shadow,2026-04-23,2026-04-29,v2.0.0
CRI-DIF-H200-ALL-GTD-OD-US,2026-04-29,DIF,H200,ALL,GTD,US,OnDemand,7,2.8900,2.8900,2.8900,2.8900,2.8900,2.8900,,,2.8900,1,1,10000.0,,,,,1,1,Low,Shadow,2026-04-23,2026-04-29,v2.0.0
CRI-DIF-H200-ALL-INT-OD-ALL,2026-04-29,DIF,H200,ALL,INT,ALL,OnDemand,7,2.4251,2.4251,1.8060,3.0441,1.1870,3.6632,,,2.4251,2,2,5000.0,,,,,2,2,Medium,Shadow,2026-04-23,2026-04-29,v2.0.0
CRI-DIF-H200-ALL-INT-OD-APAC,2026-04-29,DIF,H200,ALL,INT,APAC,OnDemand,7,3.6632,3.6632,3.6632,3.6632,3.6632,3.6632,,,3.6632,1,1,10000.0,,,,,1,1,Low,Shadow,2026-04-23,2026-04-29,v2.0.0
CRI-DIF-H200-ALL-INT-OD-EU,2026-04-29,DIF,H200,ALL,INT,EU,OnDemand,7,1.1870,1.1870,1.1870,1.1870,1.1870,1.1870,,,1.1870,1,1,10000.0,,,,,1,1,Low,Shadow,2026-04-23,2026-04-29,v2.0.0
CRI-DIF-L4-ALL-ALL-OD-EU,2026-04-29,DIF,L4,ALL,ALL,EU,OnDemand,7,0.3235,0.2792,0.3333,0.3333,0.2250,0.3333,,0.3333,0.3235,2,11,8347.1,,,1.0,3.0,2,11,Medium,Shadow,2026-04-23,2026-04-29,v2.0.0
CRI-DIF-L4-ALL-ALL-OD-US,2026-04-29,DIF,L4,ALL,ALL,US,OnDemand,7,0.1848,0.1752,0.1171,0.2408,0.1078,0.2818,0.1835,0.1835,0.1848,1,20,10000.0,1.0,4.0,1.0,12.0,1,20,Low,Shadow,2026-04-23,2026-04-29,v2.0.0
CRI-DIF-L4-ALL-GTD-OD-EU,2026-04-29,DIF,L4,ALL,GTD,EU,OnDemand,7,0.3235,0.2792,0.3333,0.3333,0.2250,0.3333,,0.3333,0.3235,2,11,8347.1,,,1.0,3.0,2,11,Medium,Shadow,2026-04-23,2026-04-29,v2.0.0
CRI-DIF-L4-ALL-INT-OD-ALL,2026-04-29,DIF,L4,ALL,INT,ALL,OnDemand,7,0.1823,0.1543,0.1183,0.2271,0.1078,0.2818,0.1835,0.1835,0.1823,2,21,9093.0,1.0,4.0,1.0,12.0,2,21,Medium,Shadow,2026-04-23,2026-04-29,v2.0.0
CRI-DIF-L4-ALL-INT-OD-Other,2026-04-29,DIF,L4,ALL,INT,Other,OnDemand,7,0.1334,0.1334,0.1334,0.1334,0.1334,0.1334,,,0.1334,1,1,10000.0,,,,,1,1,Low,Shadow,2026-04-23,2026-04-29,v2.0.0
CRI-DIF-L4-ALL-INT-OD-US,2026-04-29,DIF,L4,ALL,INT,US,OnDemand,7,0.1848,0.1752,0.1171,0.2408,0.1078,0.2818,0.1835,0.1835,0.1848,1,20,10000.0,1.0,4.0,1.0,12.0,1,20,Low,Shadow,2026-04-23,2026-04-29,v2.0.0
CRI-DIF-L40-ALL-ALL-OD-US,2026-04-29,DIF,L40,ALL,ALL,US,OnDemand,7,0.5163,0.5200,0.5200,0.5200,0.4534,0.5200,0.5200,0.5200,0.5163,1,18,10000.0,1.0,2.0,1.0,6.0,1,18,Low,Shadow,2026-04-23,2026-04-29,v2.0.0
CRI-DIF-L40-ALL-GTD-OD-US,2026-04-29,DIF,L40,ALL,GTD,US,OnDemand,7,0.5200,0.5200,0.5200,0.5200,0.5200,0.5200,0.5200,0.5200,0.5200,1,17,10000.0,1.0,2.0,1.0,6.0,1,17,Low,Shadow,2026-04-23,2026-04-29,v2.0.0
CRI-DIF-L40-ALL-INT-OD-ALL,2026-04-29,DIF,L40,ALL,INT,ALL,OnDemand,7,0.7156,0.5467,0.8000,0.8000,0.1333,0.8000,0.8000,0.8000,0.7156,2,12,7222.2,1.0,1.0,1.0,3.0,2,12,Medium,Shadow,2026-04-23,2026-04-29,v2.0.0
CRI-DIF-L40-ALL-INT-OD-Other,2026-04-29,DIF,L40,ALL,INT,Other,OnDemand,7,0.7394,0.4667,0.8000,0.8000,0.1333,0.8000,0.8000,0.8000,0.7394,2,11,8347.1,1.0,1.0,1.0,3.0,2,11,Medium,Shadow,2026-04-23,2026-04-29,v2.0.0
CRI-DIF-L40-ALL-INT-OD-US,2026-04-29,DIF,L40,ALL,INT,US,OnDemand,7,0.4534,0.4534,0.4534,0.4534,0.4534,0.4534,,,0.4534,1,1,10000.0,,,,,1,1,Low,Shadow,2026-04-23,2026-04-29,v2.0.0
CRI-DIF-L40S-ALL-ALL-OD-APAC,2026-04-29,DIF,L40S,ALL,ALL,APAC,OnDemand,7,0.5815,0.6107,0.4667,0.6933,0.4667,0.6933,0.4667,0.5800,0.5815,1,21,10000.0,1.0,2.0,1.0,10.0,1,21,Low,Shadow,2026-04-23,2026-04-29,v2.0.0
CRI-DIF-L40S-ALL-ALL-OD-EU,2026-04-29,DIF,L40S,ALL,ALL,EU,OnDemand,7,0.3200,0.3200,0.3200,0.3200,0.3200,0.3200,,,0.3200,1,1,10000.0,,,,,1,1,Low,Shadow,2026-04-23,2026-04-29,v2.0.0
CRI-DIF-L40S-ALL-GTD-OD-APAC,2026-04-29,DIF,L40S,ALL,GTD,APAC,OnDemand,7,0.5800,0.5800,0.4667,0.6933,0.4667,0.6933,0.4667,0.5800,0.5800,1,20,10000.0,1.0,2.0,1.0,10.0,1,20,Low,Shadow,2026-04-23,2026-04-29,v2.0.0
CRI-DIF-L40S-ALL-GTD-OD-US,2026-04-29,DIF,L40S,ALL,GTD,US,OnDemand,7,0.6775,0.6775,0.4750,0.8800,0.4750,0.8800,0.6775,0.6775,0.6775,2,18,5000.0,2.0,2.0,2.0,6.0,2,18,Medium,Shadow,2026-04-23,2026-04-29,v2.0.0
CRI-DIF-L40S-ALL-INT-OD-APAC,2026-04-29,DIF,L40S,ALL,INT,APAC,OnDemand,7,0.6107,0.6107,0.6107,0.6107,0.6107,0.6107,,,0.6107,1,1,10000.0,,,,,1,1,Low,Shadow,2026-04-23,2026-04-29,v2.0.0
CRI-DIF-L40S-ALL-INT-OD-EU,2026-04-29,DIF,L40S,ALL,INT,EU,OnDemand,7,0.3200,0.3200,0.3200,0.3200,0.3200,0.3200,,,0.3200,1,1,10000.0,,,,,1,1,Low,Shadow,2026-04-23,2026-04-29,v2.0.0
CRI-DIF-L40S-ALL-INT-OD-Other,2026-04-29,DIF,L40S,ALL,INT,Other,OnDemand,7,0.4834,0.4834,0.4417,0.5250,0.4000,0.5667,,,0.4834,2,2,5000.0,,,,,2,2,Medium,Shadow,2026-04-23,2026-04-29,v2.0.0
CRI-DIF-L40S-ALL-INT-OD-US,2026-04-29,DIF,L40S,ALL,INT,US,OnDemand,7,0.5000,0.5000,0.5000,0.5000,0.5000,0.5000,,,0.5000,1,2,10000.0,,,,,1,2,Low,Shadow,2026-04-23,2026-04-29,v2.0.0
CRI-DIF-T4-ALL-ALL-OD-ALL,2026-04-29,DIF,T4,ALL,ALL,ALL,OnDemand,7,0.1876,0.1734,0.1734,0.2000,0.0543,0.3333,0.1734,0.1911,0.1876,2,31,9375.7,2.0,4.0,2.0,12.0,2,31,Medium,Shadow,2026-04-23,2026-04-29,v2.0.0
CRI-DIF-T4-ALL-ALL-OD-Other,2026-04-29,DIF,T4,ALL,ALL,Other,OnDemand,7,0.1760,0.1267,0.1067,0.2367,0.1067,0.3333,0.1467,0.1467,0.1760,2,10,8200.0,2.0,2.0,2.0,2.0,2,10,Medium,Shadow,2026-04-23,2026-04-29,v2.0.0
CRI-DIF-T4-ALL-ALL-OD-US,2026-04-29,DIF,T4,ALL,ALL,US,OnDemand,7,0.1931,0.2000,0.2000,0.2000,0.0543,0.2000,0.2000,0.2000,0.1931,1,21,10000.0,1.0,2.0,1.0,10.0,1,21,Low,Shadow,2026-04-23,2026-04-29,v2.0.0
CRI-DIF-T4-ALL-GTD-OD-ALL,2026-04-29,DIF,T4,ALL,GTD,ALL,OnDemand,7,0.1894,0.1734,0.2000,0.2000,0.1067,0.3333,0.1734,0.1911,0.1894,2,29,9334.1,2.0,4.0,2.0,12.0,2,29,Medium,Shadow,2026-04-23,2026-04-29,v2.0.0
CRI-DIF-T4-ALL-GTD-OD-Other,2026-04-29,DIF,T4,ALL,GTD,Other,OnDemand,7,0.1659,0.1267,0.1067,0.1467,0.1067,0.3333,0.1467,0.1467,0.1659,2,9,8024.7,2.0,2.0,2.0,2.0,2,9,Medium,Shadow,2026-04-23,2026-04-29,v2.0.0
CRI-DIF-T4-ALL-GTD-OD-US,2026-04-29,DIF,T4,ALL,GTD,US,OnDemand,7,0.2000,0.2000,0.2000,0.2000,0.2000,0.2000,0.2000,0.2000,0.2000,1,20,10000.0,1.0,2.0,1.0,10.0,1,20,Low,Shadow,2026-04-23,2026-04-29,v2.0.0
CRI-DIF-T4-ALL-INT-OD-ALL,2026-04-29,DIF,T4,ALL,INT,ALL,OnDemand,7,0.1605,0.1605,0.1074,0.2136,0.0543,0.2667,,,0.1605,1,2,10000.0,,,,,1,2,Low,Shadow,2026-04-23,2026-04-29,v2.0.0
CRI-DIF-T4-ALL-INT-OD-Other,2026-04-29,DIF,T4,ALL,INT,Other,OnDemand,7,0.2667,0.2667,0.2667,0.2667,0.2667,0.2667,,,0.2667,1,1,10000.0,,,,,1,1,Low,Shadow,2026-04-23,2026-04-29,v2.0.0
CRI-DIF-T4-ALL-INT-OD-US,2026-04-29,DIF,T4,ALL,INT,US,OnDemand,7,0.0543,0.0543,0.0543,0.0543,0.0543,0.0543,,,0.0543,1,1,10000.0,,,,,1,1,Low,Shadow,2026-04-23,2026-04-29,v2.0.0
CRI-DIF-T4-PCIe-ALL-OD-ALL,2026-04-29,DIF,T4,PCIe,ALL,ALL,OnDemand,7,0.1876,0.1734,0.1734,0.2000,0.0543,0.3333,0.1734,0.1911,0.1876,2,31,9375.7,2.0,4.0,2.0,12.0,2,31,Medium,Shadow,2026-04-23,2026-04-29,v2.0.0
CRI-DIF-V100-16GB-ALL-ALL-OD-APAC,2026-04-29,DIF,V100,ALL,ALL,APAC,OnDemand,7,0.0347,0.0347,0.0347,0.0347,0.0347,0.0347,,,0.0347,1,1,10000.0,,,,,1,1,Low,Shadow,2026-04-23,2026-04-29,v2.0.0
CRI-DIF-V100-16GB-ALL-ALL-OD-US,2026-04-29,DIF,V100,ALL,ALL,US,OnDemand,7,0.1676,0.1750,0.1600,0.1900,0.1067,0.1900,0.1700,0.1679,0.1676,2,31,5879.3,2.0,3.0,2.0,14.0,2,31,Medium,Shadow,2026-04-23,2026-04-29,v2.0.0
CRI-DIF-V100-16GB-ALL-GTD-OD-APAC,2026-04-29,DIF,V100,ALL,GTD,APAC,OnDemand,7,0.0347,0.0347,0.0347,0.0347,0.0347,0.0347,,,0.0347,1,1,10000.0,,,,,1,1,Low,Shadow,2026-04-23,2026-04-29,v2.0.0
CRI-DIF-V100-16GB-ALL-GTD-OD-US,2026-04-29,DIF,V100,ALL,GTD,US,OnDemand,7,0.1697,0.1750,0.1600,0.1900,0.1600,0.1900,0.1700,0.1679,0.1697,2,30,5800.0,2.0,3.0,2.0,14.0,2,30,Medium,Shadow,2026-04-23,2026-04-29,v2.0.0
CRI-DIF-V100-16GB-ALL-INT-OD-US,2026-04-29,DIF,V100,ALL,INT,US,OnDemand,7,0.1067,0.1067,0.1067,0.1067,0.1067,0.1067,,,0.1067,1,1,10000.0,,,,,1,1,Low,Shadow,2026-04-23,2026-04-29,v2.0.0
CRI-DIF-V100-ALL-ALL-OD-ALL,2026-04-29,DIF,V100,ALL,ALL,ALL,OnDemand,7,0.2900,0.2900,0.2900,0.2900,0.2900,0.2900,0.2900,0.2900,0.2900,1,9,10000.0,1.0,1.0,1.0,3.0,1,9,Low,Shadow,2026-04-23,2026-04-29,v2.0.0
CRI-DIF-V100-ALL-ALL-OD-US,2026-04-29,DIF,V100,ALL,ALL,US,OnDemand,7,0.2900,0.2900,0.2900,0.2900,0.2900,0.2900,0.2900,0.2900,0.2900,1,9,10000.0,1.0,1.0,1.0,3.0,1,9,Low,Shadow,2026-04-23,2026-04-29,v2.0.0
CRI-DIF-V100-ALL-GTD-OD-ALL,2026-04-29,DIF,V100,ALL,GTD,ALL,OnDemand,7,0.2900,0.2900,0.2900,0.2900,0.2900,0.2900,0.2900,0.2900,0.2900,1,9,10000.0,1.0,1.0,1.0,3.0,1,9,Low,Shadow,2026-04-23,2026-04-29,v2.0.0
CRI-DIF-V100-ALL-GTD-OD-US,2026-04-29,DIF,V100,ALL,GTD,US,OnDemand,7,0.2900,0.2900,0.2900,0.2900,0.2900,0.2900,0.2900,0.2900,0.2900,1,9,10000.0,1.0,1.0,1.0,3.0,1,9,Low,Shadow,2026-04-23,2026-04-29,v2.0.0
CRI-DIF-V100-SXM-ALL-OD-ALL,2026-04-29,DIF,V100,SXM,ALL,ALL,OnDemand,7,0.2900,0.2900,0.2900,0.2900,0.2900,0.2900,0.2900,0.2900,0.2900,1,9,10000.0,1.0,1.0,1.0,3.0,1,9,Low,Shadow,2026-04-23,2026-04-29,v2.0.0
CRI-HIF-A10-ALL-GTD-OD-ALL,2026-04-29,HIF,A10,ALL,GTD,ALL,OnDemand,7,2.0000,2.0000,2.0000,2.0000,2.0000,2.0000,2.0000,2.0000,2.0000,1,9,10000.0,1.0,1.0,1.0,3.0,1,9,Low,Shadow,2026-04-23,2026-04-29,v2.0.0
CRI-HIF-A10-ALL-GTD-OD-US,2026-04-29,HIF,A10,ALL,GTD,US,OnDemand,7,2.0000,2.0000,2.0000,2.0000,2.0000,2.0000,2.0000,2.0000,2.0000,1,9,10000.0,1.0,1.0,1.0,3.0,1,9,Low,Shadow,2026-04-23,2026-04-29,v2.0.0
CRI-HIF-A10-PCIe-GTD-OD-ALL,2026-04-29,HIF,A10,PCIe,GTD,ALL,OnDemand,7,2.0000,2.0000,2.0000,2.0000,2.0000,2.0000,2.0000,2.0000,2.0000,1,9,10000.0,1.0,1.0,1.0,3.0,1,9,Low,Shadow,2026-04-23,2026-04-29,v2.0.0
CRI-HIF-A100-40GB-ALL-GTD-1yr-ALL,2026-04-29,HIF,A100,ALL,GTD,ALL,1Y,7,1.7401,1.7401,1.7401,1.7401,1.7401,1.7401,,,1.7401,1,2,10000.0,,,,,1,2,Low,Shadow,2026-04-23,2026-04-29,v2.0.0
CRI-HIF-A100-40GB-ALL-GTD-1yr-US,2026-04-29,HIF,A100,ALL,GTD,US,1Y,7,1.7401,1.7401,1.7401,1.7401,1.7401,1.7401,,,1.7401,1,2,10000.0,,,,,1,2,Low,Shadow,2026-04-23,2026-04-29,v2.0.0
CRI-HIF-A100-40GB-ALL-GTD-3yr-ALL,2026-04-29,HIF,A100,ALL,GTD,ALL,3Y,7,1.1718,1.1718,1.1718,1.1718,1.1718,1.1718,,,1.1718,1,2,10000.0,,,,,1,2,Low,Shadow,2026-04-23,2026-04-29,v2.0.0
CRI-HIF-A100-40GB-ALL-GTD-3yr-US,2026-04-29,HIF,A100,ALL,GTD,US,3Y,7,1.1718,1.1718,1.1718,1.1718,1.1718,1.1718,,,1.1718,1,2,10000.0,,,,,1,2,Low,Shadow,2026-04-23,2026-04-29,v2.0.0
CRI-HIF-A100-40GB-ALL-GTD-OD-ALL,2026-04-29,HIF,A100,ALL,GTD,ALL,OnDemand,7,2.8973,2.8973,2.7447,3.0500,2.7447,3.0500,,,2.8973,2,4,5000.0,,,,,2,4,Medium,Shadow,2026-04-23,2026-04-29,v2.0.0
CRI-HIF-A100-40GB-ALL-GTD-OD-US,2026-04-29,HIF,A100,ALL,GTD,US,OnDemand,7,2.8973,2.8973,2.7447,3.0500,2.7447,3.0500,,,2.8973,2,4,5000.0,,,,,2,4,Medium,Shadow,2026-04-23,2026-04-29,v2.0.0
CRI-HIF-A100-40GB-SXM-GTD-1yr-ALL,2026-04-29,HIF,A100,SXM,GTD,ALL,1Y,7,1.7401,1.7401,1.7401,1.7401,1.7401,1.7401,,,1.7401,1,2,10000.0,,,,,1,2,Low,Shadow,2026-04-23,2026-04-29,v2.0.0
CRI-HIF-A100-40GB-SXM-GTD-3yr-ALL,2026-04-29,HIF,A100,SXM,GTD,ALL,3Y,7,1.1718,1.1718,1.1718,1.1718,1.1718,1.1718,,,1.1718,1,2,10000.0,,,,,1,2,Low,Shadow,2026-04-23,2026-04-29,v2.0.0
CRI-HIF-A100-40GB-SXM-GTD-OD-ALL,2026-04-29,HIF,A100,SXM,GTD,ALL,OnDemand,7,2.8973,2.8973,2.7447,3.0500,2.7447,3.0500,,,2.8973,2,4,5000.0,,,,,2,4,Medium,Shadow,2026-04-23,2026-04-29,v2.0.0
CRI-HIF-A100-ALL-GTD-1yr-ALL,2026-04-29,HIF,A100,ALL,GTD,ALL,1Y,7,2.3984,2.3984,2.1752,2.6216,2.1752,2.6216,,,2.3984,2,4,5000.0,,,,,2,4,Medium,Shadow,2026-04-23,2026-04-29,v2.0.0
CRI-HIF-A100-ALL-GTD-1yr-US,2026-04-29,HIF,A100,ALL,GTD,US,1Y,7,2.3984,2.3984,2.1752,2.6216,2.1752,2.6216,,,2.3984,2,4,5000.0,,,,,2,4,Medium,Shadow,2026-04-23,2026-04-29,v2.0.0
CRI-HIF-A100-ALL-GTD-3yr-ALL,2026-04-29,HIF,A100,ALL,GTD,ALL,3Y,7,1.6336,1.6336,1.4647,1.8024,1.4647,1.8024,,,1.6336,2,4,5000.0,,,,,2,4,Medium,Shadow,2026-04-23,2026-04-29,v2.0.0
CRI-HIF-A100-ALL-GTD-3yr-US,2026-04-29,HIF,A100,ALL,GTD,US,3Y,7,1.6336,1.6336,1.4647,1.8024,1.4647,1.8024,,,1.6336,2,4,5000.0,,,,,2,4,Medium,Shadow,2026-04-23,2026-04-29,v2.0.0
CRI-HIF-A100-SXM-GTD-1yr-ALL,2026-04-29,HIF,A100,SXM,GTD,ALL,1Y,7,2.3984,2.3984,2.1752,2.6216,2.1752,2.6216,,,2.3984,2,4,5000.0,,,,,2,4,Medium,Shadow,2026-04-23,2026-04-29,v2.0.0
CRI-HIF-A100-SXM-GTD-3yr-ALL,2026-04-29,HIF,A100,SXM,GTD,ALL,3Y,7,1.6336,1.6336,1.4647,1.8024,1.4647,1.8024,,,1.6336,2,4,5000.0,,,,,2,4,Medium,Shadow,2026-04-23,2026-04-29,v2.0.0
CRI-HIF-B200-ALL-GTD-OD-ALL,2026-04-29,HIF,B200,ALL,GTD,ALL,OnDemand,7,14.1208,14.1208,14.0000,14.2416,14.0000,14.2416,,,14.1208,2,4,5000.0,,,,,2,4,Medium,Shadow,2026-04-23,2026-04-29,v2.0.0
CRI-HIF-B200-ALL-GTD-OD-US,2026-04-29,HIF,B200,ALL,GTD,US,OnDemand,7,14.1208,14.1208,14.0000,14.2416,14.0000,14.2416,,,14.1208,2,4,5000.0,,,,,2,4,Medium,Shadow,2026-04-23,2026-04-29,v2.0.0
CRI-HIF-B200-SXM-GTD-OD-ALL,2026-04-29,HIF,B200,SXM,GTD,ALL,OnDemand,7,14.1208,14.1208,14.0000,14.2416,14.0000,14.2416,,,14.1208,2,4,5000.0,,,,,2,4,Medium,Shadow,2026-04-23,2026-04-29,v2.0.0
CRI-HIF-GB200-ALL-GTD-1yr-ALL,2026-04-29,HIF,GB200,ALL,GTD,ALL,1Y,7,8.6528,8.6528,8.6528,8.6528,8.6528,8.6528,,,8.6528,1,2,10000.0,,,,,1,2,Low,Shadow,2026-04-23,2026-04-29,v2.0.0
CRI-HIF-GB200-ALL-GTD-1yr-US,2026-04-29,HIF,GB200,ALL,GTD,US,1Y,7,8.6528,8.6528,8.6528,8.6528,8.6528,8.6528,,,8.6528,1,2,10000.0,,,,,1,2,Low,Shadow,2026-04-23,2026-04-29,v2.0.0
CRI-HIF-GB200-ALL-GTD-3yr-ALL,2026-04-29,HIF,GB200,ALL,GTD,ALL,3Y,7,5.9488,5.9488,5.9488,5.9488,5.9488,5.9488,,,5.9488,1,2,10000.0,,,,,1,2,Low,Shadow,2026-04-23,2026-04-29,v2.0.0
CRI-HIF-GB200-ALL-GTD-3yr-US,2026-04-29,HIF,GB200,ALL,GTD,US,3Y,7,5.9488,5.9488,5.9488,5.9488,5.9488,5.9488,,,5.9488,1,2,10000.0,,,,,1,2,Low,Shadow,2026-04-23,2026-04-29,v2.0.0
CRI-HIF-GB200-ALL-GTD-OD-ALL,2026-04-29,HIF,GB200,ALL,GTD,ALL,OnDemand,7,14.7600,14.7600,13.5200,16.0000,13.5200,16.0000,,,14.7600,2,4,5000.0,,,,,2,4,Medium,Shadow,2026-04-23,2026-04-29,v2.0.0
CRI-HIF-GB200-ALL-GTD-OD-US,2026-04-29,HIF,GB200,ALL,GTD,US,OnDemand,7,14.7600,14.7600,13.5200,16.0000,13.5200,16.0000,,,14.7600,2,4,5000.0,,,,,2,4,Medium,Shadow,2026-04-23,2026-04-29,v2.0.0
CRI-HIF-GB200-NVL-GTD-1yr-ALL,2026-04-29,HIF,GB200,NVL,GTD,ALL,1Y,7,8.6528,8.6528,8.6528,8.6528,8.6528,8.6528,,,8.6528,1,2,10000.0,,,,,1,2,Low,Shadow,2026-04-23,2026-04-29,v2.0.0
CRI-HIF-GB200-NVL-GTD-3yr-ALL,2026-04-29,HIF,GB200,NVL,GTD,ALL,3Y,7,5.9488,5.9488,5.9488,5.9488,5.9488,5.9488,,,5.9488,1,2,10000.0,,,,,1,2,Low,Shadow,2026-04-23,2026-04-29,v2.0.0
CRI-HIF-GB200-NVL-GTD-OD-ALL,2026-04-29,HIF,GB200,NVL,GTD,ALL,OnDemand,7,14.7600,14.7600,13.5200,16.0000,13.5200,16.0000,,,14.7600,2,4,5000.0,,,,,2,4,Medium,Shadow,2026-04-23,2026-04-29,v2.0.0
CRI-HIF-H100-ALL-GTD-1yr-ALL,2026-04-29,HIF,H100,ALL,GTD,ALL,1Y,7,7.8656,7.8656,7.8656,7.8656,7.8656,7.8656,,,7.8656,1,2,10000.0,,,,,1,2,Low,Shadow,2026-04-23,2026-04-29,v2.0.0
CRI-HIF-H100-ALL-GTD-1yr-US,2026-04-29,HIF,H100,ALL,GTD,US,1Y,7,7.8656,7.8656,7.8656,7.8656,7.8656,7.8656,,,7.8656,1,2,10000.0,,,,,1,2,Low,Shadow,2026-04-23,2026-04-29,v2.0.0
CRI-HIF-H100-ALL-GTD-3yr-ALL,2026-04-29,HIF,H100,ALL,GTD,ALL,3Y,7,4.1837,4.1837,2.9722,5.3953,2.9722,5.3953,,,4.1837,2,4,5000.0,,,,,2,4,Medium,Shadow,2026-04-23,2026-04-29,v2.0.0
CRI-HIF-H100-ALL-GTD-3yr-US,2026-04-29,HIF,H100,ALL,GTD,US,3Y,7,4.1837,4.1837,2.9722,5.3953,2.9722,5.3953,,,4.1837,2,4,5000.0,,,,,2,4,Medium,Shadow,2026-04-23,2026-04-29,v2.0.0
CRI-HIF-H100-ALL-GTD-5yr-ALL,2026-04-29,HIF,H100,ALL,GTD,ALL,5Y,7,4.9160,4.9160,4.9160,4.9160,4.9160,4.9160,,,4.9160,1,2,10000.0,,,,,1,2,Low,Shadow,2026-04-23,2026-04-29,v2.0.0
CRI-HIF-H100-ALL-GTD-5yr-US,2026-04-29,HIF,H100,ALL,GTD,US,5Y,7,4.9160,4.9160,4.9160,4.9160,4.9160,4.9160,,,4.9160,1,2,10000.0,,,,,1,2,Low,Shadow,2026-04-23,2026-04-29,v2.0.0
CRI-HIF-H100-SXM-GTD-1yr-ALL,2026-04-29,HIF,H100,SXM,GTD,ALL,1Y,7,7.8656,7.8656,7.8656,7.8656,7.8656,7.8656,,,7.8656,1,2,10000.0,,,,,1,2,Low,Shadow,2026-04-23,2026-04-29,v2.0.0
CRI-HIF-H100-SXM-GTD-3yr-ALL,2026-04-29,HIF,H100,SXM,GTD,ALL,3Y,7,4.1837,4.1837,2.9722,5.3953,2.9722,5.3953,,,4.1837,2,4,5000.0,,,,,2,4,Medium,Shadow,2026-04-23,2026-04-29,v2.0.0
CRI-HIF-H100-SXM-GTD-5yr-ALL,2026-04-29,HIF,H100,SXM,GTD,ALL,5Y,7,4.9160,4.9160,4.9160,4.9160,4.9160,4.9160,,,4.9160,1,2,10000.0,,,,,1,2,Low,Shadow,2026-04-23,2026-04-29,v2.0.0
CRI-HIF-H200-ALL-GTD-1yr-ALL,2026-04-29,HIF,H200,ALL,GTD,ALL,1Y,7,5.6530,5.6530,5.6530,5.6530,5.6530,5.6530,,,5.6530,1,2,10000.0,,,,,1,2,Low,Shadow,2026-04-23,2026-04-29,v2.0.0
CRI-HIF-H200-ALL-GTD-1yr-US,2026-04-29,HIF,H200,ALL,GTD,US,1Y,7,5.6530,5.6530,5.6530,5.6530,5.6530,5.6530,,,5.6530,1,2,10000.0,,,,,1,2,Low,Shadow,2026-04-23,2026-04-29,v2.0.0
CRI-HIF-H200-ALL-GTD-3yr-ALL,2026-04-29,HIF,H200,ALL,GTD,ALL,3Y,7,4.6640,4.6640,4.6640,4.6640,4.6640,4.6640,,,4.6640,1,2,10000.0,,,,,1,2,Low,Shadow,2026-04-23,2026-04-29,v2.0.0
CRI-HIF-H200-ALL-GTD-3yr-US,2026-04-29,HIF,H200,ALL,GTD,US,3Y,7,4.6640,4.6640,4.6640,4.6640,4.6640,4.6640,,,4.6640,1,2,10000.0,,,,,1,2,Low,Shadow,2026-04-23,2026-04-29,v2.0.0
CRI-HIF-H200-SXM-GTD-1yr-ALL,2026-04-29,HIF,H200,SXM,GTD,ALL,1Y,7,5.6530,5.6530,5.6530,5.6530,5.6530,5.6530,,,5.6530,1,2,10000.0,,,,,1,2,Low,Shadow,2026-04-23,2026-04-29,v2.0.0
CRI-HIF-H200-SXM-GTD-3yr-ALL,2026-04-29,HIF,H200,SXM,GTD,ALL,3Y,7,4.6640,4.6640,4.6640,4.6640,4.6640,4.6640,,,4.6640,1,2,10000.0,,,,,1,2,Low,Shadow,2026-04-23,2026-04-29,v2.0.0
CRI-HIF-L4-ALL-GTD-1yr-ALL,2026-04-29,HIF,L4,ALL,GTD,ALL,1Y,7,0.5631,0.5761,0.5469,0.5923,0.4996,0.6006,0.5631,0.5631,0.5631,1,20,10000.0,1.0,4.0,1.0,12.0,1,20,Low,Shadow,2026-04-23,2026-04-29,v2.0.0
CRI-HIF-L4-ALL-GTD-1yr-US,2026-04-29,HIF,L4,ALL,GTD,US,1Y,7,0.5631,0.5761,0.5469,0.5923,0.4996,0.6006,0.5631,0.5631,0.5631,1,20,10000.0,1.0,4.0,1.0,12.0,1,20,Low,Shadow,2026-04-23,2026-04-29,v2.0.0
CRI-HIF-L4-ALL-GTD-3yr-ALL,2026-04-29,HIF,L4,ALL,GTD,ALL,3Y,7,0.4369,0.4347,0.3988,0.4728,0.3988,0.4794,0.4369,0.4369,0.4369,1,20,10000.0,1.0,4.0,1.0,12.0,1,20,Low,Shadow,2026-04-23,2026-04-29,v2.0.0
CRI-HIF-L4-ALL-GTD-3yr-US,2026-04-29,HIF,L4,ALL,GTD,US,3Y,7,0.4369,0.4347,0.3988,0.4728,0.3988,0.4794,0.4369,0.4369,0.4369,1,20,10000.0,1.0,4.0,1.0,12.0,1,20,Low,Shadow,2026-04-23,2026-04-29,v2.0.0
CRI-HIF-L4-PCIe-GTD-1yr-ALL,2026-04-29,HIF,L4,PCIe,GTD,ALL,1Y,7,0.5631,0.5761,0.5469,0.5923,0.4996,0.6006,0.5631,0.5631,0.5631,1,20,10000.0,1.0,4.0,1.0,12.0,1,20,Low,Shadow,2026-04-23,2026-04-29,v2.0.0
CRI-HIF-L4-PCIe-GTD-3yr-ALL,2026-04-29,HIF,L4,PCIe,GTD,ALL,3Y,7,0.4369,0.4347,0.3988,0.4728,0.3988,0.4794,0.4369,0.4369,0.4369,1,20,10000.0,1.0,4.0,1.0,12.0,1,20,Low,Shadow,2026-04-23,2026-04-29,v2.0.0
CRI-HIF-L40S-ALL-GTD-OD-ALL,2026-04-29,HIF,L40S,ALL,GTD,ALL,OnDemand,7,3.5000,3.5000,3.5000,3.5000,3.5000,3.5000,3.5000,3.5000,3.5000,1,9,10000.0,1.0,1.0,1.0,3.0,1,9,Low,Shadow,2026-04-23,2026-04-29,v2.0.0
CRI-HIF-L40S-ALL-GTD-OD-US,2026-04-29,HIF,L40S,ALL,GTD,US,OnDemand,7,3.5000,3.5000,3.5000,3.5000,3.5000,3.5000,3.5000,3.5000,3.5000,1,9,10000.0,1.0,1.0,1.0,3.0,1,9,Low,Shadow,2026-04-23,2026-04-29,v2.0.0
CRI-HIF-L40S-PCIe-GTD-OD-ALL,2026-04-29,HIF,L40S,PCIe,GTD,ALL,OnDemand,7,3.5000,3.5000,3.5000,3.5000,3.5000,3.5000,3.5000,3.5000,3.5000,1,9,10000.0,1.0,1.0,1.0,3.0,1,9,Low,Shadow,2026-04-23,2026-04-29,v2.0.0
CRI-IIF-A10-ALL-GTD-OD-ALL,2026-04-29,IIF,A10,ALL,GTD,ALL,OnDemand,7,1.2900,1.2900,1.2900,1.2900,1.2900,1.2900,1.2900,1.2900,1.2900,1,10,10000.0,1.0,1.0,1.0,3.0,1,10,Low,Shadow,2026-04-23,2026-04-29,v2.0.0
CRI-IIF-A10-ALL-GTD-OD-US,2026-04-29,IIF,A10,ALL,GTD,US,OnDemand,7,1.2900,1.2900,1.2900,1.2900,1.2900,1.2900,1.2900,1.2900,1.2900,1,10,10000.0,1.0,1.0,1.0,3.0,1,10,Low,Shadow,2026-04-23,2026-04-29,v2.0.0
CRI-IIF-A10-PCIe-GTD-OD-ALL,2026-04-29,IIF,A10,PCIe,GTD,ALL,OnDemand,7,1.2900,1.2900,1.2900,1.2900,1.2900,1.2900,1.2900,1.2900,1.2900,1,10,10000.0,1.0,1.0,1.0,3.0,1,10,Low,Shadow,2026-04-23,2026-04-29,v2.0.0
CRI-IIF-A100-40GB-ALL-GTD-OD-ALL,2026-04-29,IIF,A100,ALL,GTD,ALL,OnDemand,7,1.7445,1.7200,1.4500,1.9900,1.4500,1.9900,1.7200,1.7200,1.7445,2,22,5041.3,2.0,2.0,2.0,6.0,2,22,Medium,Shadow,2026-04-23,2026-04-29,v2.0.0
CRI-IIF-A100-40GB-ALL-GTD-OD-US,2026-04-29,IIF,A100,ALL,GTD,US,OnDemand,7,1.7445,1.7200,1.4500,1.9900,1.4500,1.9900,1.7200,1.7200,1.7445,2,22,5041.3,2.0,2.0,2.0,6.0,2,22,Medium,Shadow,2026-04-23,2026-04-29,v2.0.0
CRI-IIF-A100-40GB-PCIe-GTD-OD-ALL,2026-04-29,IIF,A100,PCIe,GTD,ALL,OnDemand,7,1.7200,1.7200,1.4500,1.9900,1.4500,1.9900,1.7200,1.7200,1.7200,2,20,5000.0,2.0,2.0,2.0,6.0,2,20,Medium,Shadow,2026-04-23,2026-04-29,v2.0.0
CRI-IIF-A100-40GB-SXM-GTD-OD-ALL,2026-04-29,IIF,A100,SXM,GTD,ALL,OnDemand,7,1.9900,1.9900,1.9900,1.9900,1.9900,1.9900,,,1.9900,1,2,10000.0,,,,,1,2,Low,Shadow,2026-04-23,2026-04-29,v2.0.0
CRI-IIF-A100-PCIe-GTD-OD-ALL,2026-04-29,IIF,A100,PCIe,GTD,ALL,OnDemand,7,1.6500,1.6500,1.6500,1.6500,1.6500,1.6500,1.6500,1.6500,1.6500,1,10,10000.0,1.0,1.0,1.0,3.0,1,10,Low,Shadow,2026-04-23,2026-04-29,v2.0.0
CRI-IIF-A40-ALL-GTD-OD-ALL,2026-04-29,IIF,A40,ALL,GTD,ALL,OnDemand,7,0.9000,0.9000,0.9000,0.9000,0.9000,0.9000,0.9000,0.9000,0.9000,1,10,10000.0,1.0,1.0,1.0,3.0,1,10,Low,Shadow,2026-04-23,2026-04-29,v2.0.0
CRI-IIF-A40-ALL-GTD-OD-US,2026-04-29,IIF,A40,ALL,GTD,US,OnDemand,7,0.9000,0.9000,0.9000,0.9000,0.9000,0.9000,0.9000,0.9000,0.9000,1,10,10000.0,1.0,1.0,1.0,3.0,1,10,Low,Shadow,2026-04-23,2026-04-29,v2.0.0
CRI-IIF-A40-PCIe-GTD-OD-ALL,2026-04-29,IIF,A40,PCIe,GTD,ALL,OnDemand,7,0.9000,0.9000,0.9000,0.9000,0.9000,0.9000,0.9000,0.9000,0.9000,1,10,10000.0,1.0,1.0,1.0,3.0,1,10,Low,Shadow,2026-04-23,2026-04-29,v2.0.0
CRI-IIF-B200-ALL-GTD-OD-EU,2026-04-29,IIF,B200,ALL,GTD,EU,OnDemand,7,5.5000,5.5000,5.5000,5.5000,5.5000,5.5000,,,5.5000,1,2,10000.0,,,,,1,2,Low,Shadow,2026-04-23,2026-04-29,v2.0.0
CRI-IIF-B200-ALL-GTD-OD-US,2026-04-29,IIF,B200,ALL,GTD,US,OnDemand,7,7.6450,7.6450,6.6900,8.6000,6.6900,8.6000,,,7.6450,2,4,5000.0,,,,,2,4,Medium,Shadow,2026-04-23,2026-04-29,v2.0.0
CRI-IIF-B300-ALL-GTD-OD-ALL,2026-04-29,IIF,B300,ALL,GTD,ALL,OnDemand,7,6.1000,6.1000,6.1000,6.1000,6.1000,6.1000,6.1000,6.1000,6.1000,1,10,10000.0,1.0,1.0,1.0,3.0,1,10,Low,Shadow,2026-04-23,2026-04-29,v2.0.0
CRI-IIF-B300-ALL-GTD-OD-EU,2026-04-29,IIF,B300,ALL,GTD,EU,OnDemand,7,6.1000,6.1000,6.1000,6.1000,6.1000,6.1000,6.1000,6.1000,6.1000,1,10,10000.0,1.0,1.0,1.0,3.0,1,10,Low,Shadow,2026-04-23,2026-04-29,v2.0.0
CRI-IIF-B300-SXM-GTD-OD-ALL,2026-04-29,IIF,B300,SXM,GTD,ALL,OnDemand,7,6.1000,6.1000,6.1000,6.1000,6.1000,6.1000,6.1000,6.1000,6.1000,1,10,10000.0,1.0,1.0,1.0,3.0,1,10,Low,Shadow,2026-04-23,2026-04-29,v2.0.0
CRI-IIF-GB200-ALL-GTD-OD-ALL,2026-04-29,IIF,GB200,ALL,GTD,ALL,OnDemand,7,10.5000,10.5000,10.5000,10.5000,10.5000,10.5000,,,10.5000,1,2,10000.0,,,,,1,2,Low,Shadow,2026-04-23,2026-04-29,v2.0.0
CRI-IIF-GB200-ALL-GTD-OD-US,2026-04-29,IIF,GB200,ALL,GTD,US,OnDemand,7,10.5000,10.5000,10.5000,10.5000,10.5000,10.5000,,,10.5000,1,2,10000.0,,,,,1,2,Low,Shadow,2026-04-23,2026-04-29,v2.0.0
CRI-IIF-GB200-NVL-GTD-OD-ALL,2026-04-29,IIF,GB200,NVL,GTD,ALL,OnDemand,7,10.5000,10.5000,10.5000,10.5000,10.5000,10.5000,,,10.5000,1,2,10000.0,,,,,1,2,Low,Shadow,2026-04-23,2026-04-29,v2.0.0
CRI-IIF-H100-ALL-GTD-OD-EU,2026-04-29,IIF,H100,ALL,GTD,EU,OnDemand,7,2.9500,2.9500,2.9500,2.9500,2.9500,2.9500,,,2.9500,1,2,10000.0,,,,,1,2,Low,Shadow,2026-04-23,2026-04-29,v2.0.0
CRI-IIF-H100-PCIe-GTD-OD-ALL,2026-04-29,IIF,H100,PCIe,GTD,ALL,OnDemand,7,3.2900,3.2900,3.2900,3.2900,3.2900,3.2900,3.2900,3.2900,3.2900,1,10,10000.0,1.0,1.0,1.0,3.0,1,10,Low,Shadow,2026-04-23,2026-04-29,v2.0.0
CRI-IIF-H200-ALL-GTD-OD-EU,2026-04-29,IIF,H200,ALL,GTD,EU,OnDemand,7,3.5000,3.5000,3.5000,3.5000,3.5000,3.5000,,,3.5000,1,2,10000.0,,,,,1,2,Low,Shadow,2026-04-23,2026-04-29,v2.0.0
CRI-IIF-H200-ALL-GTD-OD-US,2026-04-29,IIF,H200,ALL,GTD,US,OnDemand,7,5.2975,5.2975,4.2900,6.3050,4.2900,6.3050,,,5.2975,2,4,5000.0,,,,,2,4,Medium,Shadow,2026-04-23,2026-04-29,v2.0.0
CRI-IIF-L40-ALL-GTD-OD-ALL,2026-04-29,IIF,L40,ALL,GTD,ALL,OnDemand,7,1.2500,1.2500,1.2500,1.2500,1.2500,1.2500,1.2500,1.2500,1.2500,1,10,10000.0,1.0,1.0,1.0,3.0,1,10,Low,Shadow,2026-04-23,2026-04-29,v2.0.0
CRI-IIF-L40-ALL-GTD-OD-US,2026-04-29,IIF,L40,ALL,GTD,US,OnDemand,7,1.2500,1.2500,1.2500,1.2500,1.2500,1.2500,1.2500,1.2500,1.2500,1,10,10000.0,1.0,1.0,1.0,3.0,1,10,Low,Shadow,2026-04-23,2026-04-29,v2.0.0
CRI-IIF-L40-PCIe-GTD-OD-ALL,2026-04-29,IIF,L40,PCIe,GTD,ALL,OnDemand,7,1.2500,1.2500,1.2500,1.2500,1.2500,1.2500,1.2500,1.2500,1.2500,1,10,10000.0,1.0,1.0,1.0,3.0,1,10,Low,Shadow,2026-04-23,2026-04-29,v2.0.0
CRI-IIF-L40S-ALL-GTD-OD-EU,2026-04-29,IIF,L40S,ALL,GTD,EU,OnDemand,7,1.8200,1.8200,1.8200,1.8200,1.8200,1.8200,1.8200,1.8200,1.8200,1,10,10000.0,1.0,1.0,1.0,3.0,1,10,Low,Shadow,2026-04-23,2026-04-29,v2.0.0
CRI-IIF-L40S-ALL-GTD-OD-US,2026-04-29,IIF,L40S,ALL,GTD,US,OnDemand,7,1.6250,1.6250,1.0000,2.2500,1.0000,2.2500,1.6250,1.6250,1.6250,2,20,5000.0,2.0,2.0,2.0,6.0,2,20,Medium,Shadow,2026-04-23,2026-04-29,v2.0.0
CRI-IIF-V100-16GB-ALL-GTD-OD-ALL,2026-04-29,IIF,V100,ALL,GTD,ALL,OnDemand,7,0.7900,0.7900,0.7900,0.7900,0.7900,0.7900,0.7900,0.7900,0.7900,1,10,10000.0,1.0,1.0,1.0,3.0,1,10,Low,Shadow,2026-04-23,2026-04-29,v2.0.0
CRI-IIF-V100-16GB-ALL-GTD-OD-US,2026-04-29,IIF,V100,ALL,GTD,US,OnDemand,7,0.7900,0.7900,0.7900,0.7900,0.7900,0.7900,0.7900,0.7900,0.7900,1,10,10000.0,1.0,1.0,1.0,3.0,1,10,Low,Shadow,2026-04-23,2026-04-29,v2.0.0
CRI-IIF-V100-16GB-SXM-GTD-OD-ALL,2026-04-29,IIF,V100,SXM,GTD,ALL,OnDemand,7,0.7900,0.7900,0.7900,0.7900,0.7900,0.7900,0.7900,0.7900,0.7900,1,10,10000.0,1.0,1.0,1.0,3.0,1,10,Low,Shadow,2026-04-23,2026-04-29,v2.0.0
CRI-SIF-4090-ALL-GTD-OD-ALL,2026-04-29,SIF,4090,ALL,GTD,ALL,OnDemand,7,0.6000,0.6000,0.6000,0.6000,0.6000,0.6000,0.6000,0.6000,0.6000,1,9,10000.0,1.0,1.0,1.0,3.0,1,9,Low,Shadow,2026-04-23,2026-04-29,v2.0.0
CRI-SIF-4090-ALL-GTD-OD-Other,2026-04-29,SIF,4090,ALL,GTD,Other,OnDemand,7,0.6000,0.6000,0.6000,0.6000,0.6000,0.6000,0.6000,0.6000,0.6000,1,9,10000.0,1.0,1.0,1.0,3.0,1,9,Low,Shadow,2026-04-23,2026-04-29,v2.0.0
CRI-SIF-4090-PCIe-GTD-OD-ALL,2026-04-29,SIF,4090,PCIe,GTD,ALL,OnDemand,7,0.6000,0.6000,0.6000,0.6000,0.6000,0.6000,0.6000,0.6000,0.6000,1,9,10000.0,1.0,1.0,1.0,3.0,1,9,Low,Shadow,2026-04-23,2026-04-29,v2.0.0
CRI-SIF-5090-ALL-GTD-OD-ALL,2026-04-29,SIF,5090,ALL,GTD,ALL,OnDemand,7,0.9000,0.9000,0.9000,0.9000,0.9000,0.9000,0.9000,0.9000,0.9000,1,9,10000.0,1.0,1.0,1.0,3.0,1,9,Low,Shadow,2026-04-23,2026-04-29,v2.0.0
CRI-SIF-5090-ALL-GTD-OD-Other,2026-04-29,SIF,5090,ALL,GTD,Other,OnDemand,7,0.9000,0.9000,0.9000,0.9000,0.9000,0.9000,0.9000,0.9000,0.9000,1,9,10000.0,1.0,1.0,1.0,3.0,1,9,Low,Shadow,2026-04-23,2026-04-29,v2.0.0
CRI-SIF-5090-PCIe-GTD-OD-ALL,2026-04-29,SIF,5090,PCIe,GTD,ALL,OnDemand,7,0.9000,0.9000,0.9000,0.9000,0.9000,0.9000,0.9000,0.9000,0.9000,1,9,10000.0,1.0,1.0,1.0,3.0,1,9,Low,Shadow,2026-04-23,2026-04-29,v2.0.0
CRI-SIF-A100-40GB-ALL-GTD-OD-ALL,2026-04-29,SIF,A100,ALL,GTD,ALL,OnDemand,7,0.7211,0.7211,0.7211,0.7211,0.7211,0.7211,,,0.7211,1,1,10000.0,,,,,1,1,Low,Shadow,2026-04-23,2026-04-29,v2.0.0
CRI-SIF-A100-40GB-ALL-GTD-OD-EU,2026-04-29,SIF,A100,ALL,GTD,EU,OnDemand,7,0.7211,0.7211,0.7211,0.7211,0.7211,0.7211,,,0.7211,1,1,10000.0,,,,,1,1,Low,Shadow,2026-04-23,2026-04-29,v2.0.0
CRI-SIF-A100-40GB-SXM-GTD-OD-ALL,2026-04-29,SIF,A100,SXM,GTD,ALL,OnDemand,7,0.7211,0.7211,0.7211,0.7211,0.7211,0.7211,,,0.7211,1,1,10000.0,,,,,1,1,Low,Shadow,2026-04-23,2026-04-29,v2.0.0
CRI-SIF-A100-ALL-GTD-OD-ALL,2026-04-29,SIF,A100,ALL,GTD,ALL,OnDemand,7,1.4091,1.3500,1.4000,1.4000,1.3000,1.6000,1.4000,1.4000,1.4091,2,11,8347.1,1.0,1.0,1.0,3.0,2,11,Medium,Shadow,2026-04-23,2026-04-29,v2.0.0
CRI-SIF-A100-ALL-GTD-OD-Other,2026-04-29,SIF,A100,ALL,GTD,Other,OnDemand,7,1.4091,1.3500,1.4000,1.4000,1.3000,1.6000,1.4000,1.4000,1.4091,2,11,8347.1,1.0,1.0,1.0,3.0,2,11,Medium,Shadow,2026-04-23,2026-04-29,v2.0.0
CRI-SIF-A100-PCIe-GTD-OD-ALL,2026-04-29,SIF,A100,PCIe,GTD,ALL,OnDemand,7,1.4000,1.4000,1.4000,1.4000,1.4000,1.4000,1.4000,1.4000,1.4000,1,9,10000.0,1.0,1.0,1.0,3.0,1,9,Low,Shadow,2026-04-23,2026-04-29,v2.0.0
CRI-SIF-A100-SXM-GTD-OD-ALL,2026-04-29,SIF,A100,SXM,GTD,ALL,OnDemand,7,1.4500,1.4500,1.3750,1.5250,1.3000,1.6000,,,1.4500,2,2,5000.0,,,,,2,2,Medium,Shadow,2026-04-23,2026-04-29,v2.0.0
CRI-SIF-A40-ALL-GTD-OD-ALL,2026-04-29,SIF,A40,ALL,GTD,ALL,OnDemand,7,1.1600,1.1600,1.1600,1.1600,1.1600,1.1600,1.1600,1.1600,1.1600,1,9,10000.0,1.0,1.0,1.0,3.0,1,9,Low,Shadow,2026-04-23,2026-04-29,v2.0.0
CRI-SIF-A40-ALL-GTD-OD-Other,2026-04-29,SIF,A40,ALL,GTD,Other,OnDemand,7,1.1600,1.1600,1.1600,1.1600,1.1600,1.1600,1.1600,1.1600,1.1600,1,9,10000.0,1.0,1.0,1.0,3.0,1,9,Low,Shadow,2026-04-23,2026-04-29,v2.0.0
CRI-SIF-A40-PCIe-GTD-OD-ALL,2026-04-29,SIF,A40,PCIe,GTD,ALL,OnDemand,7,1.1600,1.1600,1.1600,1.1600,1.1600,1.1600,1.1600,1.1600,1.1600,1,9,10000.0,1.0,1.0,1.0,3.0,1,9,Low,Shadow,2026-04-23,2026-04-29,v2.0.0
CRI-SIF-B200-ALL-GTD-OD-ALL,2026-04-29,SIF,B200,ALL,GTD,ALL,OnDemand,7,3.1500,3.1500,2.9750,3.3250,2.8000,3.5000,,,3.1500,2,2,5000.0,,,,,2,2,Medium,Shadow,2026-04-23,2026-04-29,v2.0.0
CRI-SIF-B200-ALL-GTD-OD-EU,2026-04-29,SIF,B200,ALL,GTD,EU,OnDemand,7,2.8000,2.8000,2.8000,2.8000,2.8000,2.8000,,,2.8000,1,1,10000.0,,,,,1,1,Low,Shadow,2026-04-23,2026-04-29,v2.0.0
CRI-SIF-B200-ALL-GTD-OD-Other,2026-04-29,SIF,B200,ALL,GTD,Other,OnDemand,7,3.5000,3.5000,3.5000,3.5000,3.5000,3.5000,,,3.5000,1,1,10000.0,,,,,1,1,Low,Shadow,2026-04-23,2026-04-29,v2.0.0
CRI-SIF-B200-SXM-GTD-OD-ALL,2026-04-29,SIF,B200,SXM,GTD,ALL,OnDemand,7,3.1500,3.1500,2.9750,3.3250,2.8000,3.5000,,,3.1500,2,2,5000.0,,,,,2,2,Medium,Shadow,2026-04-23,2026-04-29,v2.0.0
CRI-SIF-B300-ALL-GTD-OD-ALL,2026-04-29,SIF,B300,ALL,GTD,ALL,OnDemand,7,6.9900,6.9900,6.9900,6.9900,6.9900,6.9900,6.9900,6.9900,6.9900,1,9,10000.0,1.0,1.0,1.0,3.0,1,9,Low,Shadow,2026-04-23,2026-04-29,v2.0.0
CRI-SIF-B300-ALL-GTD-OD-EU,2026-04-29,SIF,B300,ALL,GTD,EU,OnDemand,7,6.9900,6.9900,6.9900,6.9900,6.9900,6.9900,6.9900,6.9900,6.9900,1,9,10000.0,1.0,1.0,1.0,3.0,1,9,Low,Shadow,2026-04-23,2026-04-29,v2.0.0
CRI-SIF-B300-SXM-GTD-OD-ALL,2026-04-29,SIF,B300,SXM,GTD,ALL,OnDemand,7,6.9900,6.9900,6.9900,6.9900,6.9900,6.9900,6.9900,6.9900,6.9900,1,9,10000.0,1.0,1.0,1.0,3.0,1,9,Low,Shadow,2026-04-23,2026-04-29,v2.0.0
CRI-SIF-H100-ALL-GTD-OD-US,2026-04-29,SIF,H100,ALL,GTD,US,OnDemand,7,3.1900,3.1900,3.0900,3.2900,2.9900,3.3900,,,3.1900,2,2,5000.0,,,,,2,2,Medium,Shadow,2026-04-23,2026-04-29,v2.0.0
CRI-SIF-H100-PCIe-GTD-OD-ALL,2026-04-29,SIF,H100,PCIe,GTD,ALL,OnDemand,7,2.4082,2.2562,1.6800,2.7300,1.6800,4.5150,3.0975,2.8341,2.4082,2,17,5017.3,2.0,2.0,2.0,6.0,2,17,Medium,Shadow,2026-04-23,2026-04-29,v2.0.0
CRI-SIF-H100-SXM-GTD-OD-ALL,2026-04-29,SIF,H100,SXM,GTD,ALL,OnDemand,7,2.5399,2.4000,2.1950,2.9995,1.6000,3.3900,,,2.5399,7,7,1428.6,,,,,7,7,High,Shadow,2026-04-23,2026-04-29,v2.0.0
CRI-SIF-H200-ALL-GTD-OD-ALL,2026-04-29,SIF,H200,ALL,GTD,ALL,OnDemand,7,3.2825,3.4150,3.2425,3.4550,2.8000,3.5000,,,3.2825,4,4,2500.0,,,,,4,4,High,Shadow,2026-04-23,2026-04-29,v2.0.0
CRI-SIF-H200-ALL-GTD-OD-EU,2026-04-29,SIF,H200,ALL,GTD,EU,OnDemand,7,3.0950,3.0950,2.9475,3.2425,2.8000,3.3900,,,3.0950,2,2,5000.0,,,,,2,2,Medium,Shadow,2026-04-23,2026-04-29,v2.0.0
CRI-SIF-H200-ALL-GTD-OD-Other,2026-04-29,SIF,H200,ALL,GTD,Other,OnDemand,7,3.5000,3.5000,3.5000,3.5000,3.5000,3.5000,,,3.5000,1,1,10000.0,,,,,1,1,Low,Shadow,2026-04-23,2026-04-29,v2.0.0
CRI-SIF-H200-ALL-GTD-OD-US,2026-04-29,SIF,H200,ALL,GTD,US,OnDemand,7,3.4400,3.4400,3.4400,3.4400,3.4400,3.4400,,,3.4400,1,1,10000.0,,,,,1,1,Low,Shadow,2026-04-23,2026-04-29,v2.0.0
CRI-SIF-H200-SXM-GTD-OD-ALL,2026-04-29,SIF,H200,SXM,GTD,ALL,OnDemand,7,3.2825,3.4150,3.2425,3.4550,2.8000,3.5000,,,3.2825,4,4,2500.0,,,,,4,4,High,Shadow,2026-04-23,2026-04-29,v2.0.0
CRI-SIF-L4-ALL-GTD-OD-ALL,2026-04-29,SIF,L4,ALL,GTD,ALL,OnDemand,7,0.7781,0.7781,0.7500,0.8062,0.7500,0.8062,0.8062,0.8062,0.7781,1,8,10000.0,1.0,1.0,1.0,3.0,1,8,Low,Shadow,2026-04-23,2026-04-29,v2.0.0
CRI-SIF-L4-ALL-GTD-OD-EU,2026-04-29,SIF,L4,ALL,GTD,EU,OnDemand,7,0.7781,0.7781,0.7500,0.8062,0.7500,0.8062,0.8062,0.8062,0.7781,1,8,10000.0,1.0,1.0,1.0,3.0,1,8,Low,Shadow,2026-04-23,2026-04-29,v2.0.0
CRI-SIF-L4-PCIe-GTD-OD-ALL,2026-04-29,SIF,L4,PCIe,GTD,ALL,OnDemand,7,0.7781,0.7781,0.7500,0.8062,0.7500,0.8062,0.8062,0.8062,0.7781,1,8,10000.0,1.0,1.0,1.0,3.0,1,8,Low,Shadow,2026-04-23,2026-04-29,v2.0.0
CRI-SIF-L40S-ALL-GTD-OD-EU,2026-04-29,SIF,L40S,ALL,GTD,EU,OnDemand,7,1.0217,1.2096,0.9143,0.9143,0.9143,1.5050,1.2096,1.1506,1.0217,2,11,7024.8,2.0,2.0,2.0,5.0,2,11,Medium,Shadow,2026-04-23,2026-04-29,v2.0.0
CRI-SIF-L40S-ALL-GTD-OD-Other,2026-04-29,SIF,L40S,ALL,GTD,Other,OnDemand,7,0.6100,0.6100,0.6100,0.6100,0.6100,0.6100,0.6100,0.6100,0.6100,1,9,10000.0,1.0,1.0,1.0,3.0,1,9,Low,Shadow,2026-04-23,2026-04-29,v2.0.0
CRI-SIF-L40S-ALL-GTD-OD-US,2026-04-29,SIF,L40S,ALL,GTD,US,OnDemand,7,1.5700,1.5700,1.5700,1.5700,1.5700,1.5700,1.5700,1.5700,1.5700,2,10,5200.0,1.0,1.0,1.0,3.0,2,10,Medium,Shadow,2026-04-23,2026-04-29,v2.0.0
CRI-T1IF-A100-40GB-ALL-GTD-1yr-ALL,2026-04-29,T1IF,A100,ALL,GTD,ALL,1Y,7,1.7401,1.7401,1.7401,1.7401,1.7401,1.7401,1.7401,1.7401,1.7401,1,8,10000.0,1.0,1.0,1.0,3.0,1,8,Low,Shadow,2026-04-23,2026-04-29,v2.0.0
CRI-T1IF-A100-40GB-ALL-GTD-1yr-US,2026-04-29,T1IF,A100,ALL,GTD,US,1Y,7,1.7401,1.7401,1.7401,1.7401,1.7401,1.7401,1.7401,1.7401,1.7401,1,8,10000.0,1.0,1.0,1.0,3.0,1,8,Low,Shadow,2026-04-23,2026-04-29,v2.0.0
CRI-T1IF-A100-40GB-ALL-GTD-3yr-ALL,2026-04-29,T1IF,A100,ALL,GTD,ALL,3Y,7,1.1718,1.1718,1.1718,1.1718,1.1718,1.1718,1.1718,1.1718,1.1718,1,8,10000.0,1.0,1.0,1.0,3.0,1,8,Low,Shadow,2026-04-23,2026-04-29,v2.0.0
CRI-T1IF-A100-40GB-ALL-GTD-3yr-US,2026-04-29,T1IF,A100,ALL,GTD,US,3Y,7,1.1718,1.1718,1.1718,1.1718,1.1718,1.1718,1.1718,1.1718,1.1718,1,8,10000.0,1.0,1.0,1.0,3.0,1,8,Low,Shadow,2026-04-23,2026-04-29,v2.0.0
CRI-T1IF-A100-40GB-ALL-GTD-OD-ALL,2026-04-29,T1IF,A100,ALL,GTD,ALL,OnDemand,7,2.7447,2.7447,2.7447,2.7447,2.7447,2.7447,2.7447,2.7447,2.7447,1,8,10000.0,1.0,1.0,1.0,3.0,1,8,Low,Shadow,2026-04-23,2026-04-29,v2.0.0
CRI-T1IF-A100-40GB-ALL-GTD-OD-US,2026-04-29,T1IF,A100,ALL,GTD,US,OnDemand,7,2.7447,2.7447,2.7447,2.7447,2.7447,2.7447,2.7447,2.7447,2.7447,1,8,10000.0,1.0,1.0,1.0,3.0,1,8,Low,Shadow,2026-04-23,2026-04-29,v2.0.0
CRI-T1IF-A100-40GB-SXM-GTD-1yr-ALL,2026-04-29,T1IF,A100,SXM,GTD,ALL,1Y,7,1.7401,1.7401,1.7401,1.7401,1.7401,1.7401,1.7401,1.7401,1.7401,1,8,10000.0,1.0,1.0,1.0,3.0,1,8,Low,Shadow,2026-04-23,2026-04-29,v2.0.0
CRI-T1IF-A100-40GB-SXM-GTD-3yr-ALL,2026-04-29,T1IF,A100,SXM,GTD,ALL,3Y,7,1.1718,1.1718,1.1718,1.1718,1.1718,1.1718,1.1718,1.1718,1.1718,1,8,10000.0,1.0,1.0,1.0,3.0,1,8,Low,Shadow,2026-04-23,2026-04-29,v2.0.0
CRI-T1IF-A100-40GB-SXM-GTD-OD-ALL,2026-04-29,T1IF,A100,SXM,GTD,ALL,OnDemand,7,2.7447,2.7447,2.7447,2.7447,2.7447,2.7447,2.7447,2.7447,2.7447,1,8,10000.0,1.0,1.0,1.0,3.0,1,8,Low,Shadow,2026-04-23,2026-04-29,v2.0.0
CRI-T1IF-A100-ALL-GTD-1yr-ALL,2026-04-29,T1IF,A100,ALL,GTD,ALL,1Y,7,2.1752,2.1752,2.1752,2.1752,2.1752,2.1752,2.1752,2.1752,2.1752,1,8,10000.0,1.0,1.0,1.0,3.0,1,8,Low,Shadow,2026-04-23,2026-04-29,v2.0.0
CRI-T1IF-A100-ALL-GTD-1yr-US,2026-04-29,T1IF,A100,ALL,GTD,US,1Y,7,2.1752,2.1752,2.1752,2.1752,2.1752,2.1752,2.1752,2.1752,2.1752,1,8,10000.0,1.0,1.0,1.0,3.0,1,8,Low,Shadow,2026-04-23,2026-04-29,v2.0.0
CRI-T1IF-A100-ALL-GTD-3yr-ALL,2026-04-29,T1IF,A100,ALL,GTD,ALL,3Y,7,1.4647,1.4647,1.4647,1.4647,1.4647,1.4647,1.4647,1.4647,1.4647,1,8,10000.0,1.0,1.0,1.0,3.0,1,8,Low,Shadow,2026-04-23,2026-04-29,v2.0.0
CRI-T1IF-A100-ALL-GTD-3yr-US,2026-04-29,T1IF,A100,ALL,GTD,US,3Y,7,1.4647,1.4647,1.4647,1.4647,1.4647,1.4647,1.4647,1.4647,1.4647,1,8,10000.0,1.0,1.0,1.0,3.0,1,8,Low,Shadow,2026-04-23,2026-04-29,v2.0.0
CRI-T1IF-A100-ALL-GTD-OD-ALL,2026-04-29,T1IF,A100,ALL,GTD,ALL,OnDemand,7,3.4309,3.4309,3.4309,3.4309,3.4309,3.4309,3.4309,3.4309,3.4309,1,8,10000.0,1.0,1.0,1.0,3.0,1,8,Low,Shadow,2026-04-23,2026-04-29,v2.0.0
CRI-T1IF-A100-ALL-GTD-OD-US,2026-04-29,T1IF,A100,ALL,GTD,US,OnDemand,7,3.4309,3.4309,3.4309,3.4309,3.4309,3.4309,3.4309,3.4309,3.4309,1,8,10000.0,1.0,1.0,1.0,3.0,1,8,Low,Shadow,2026-04-23,2026-04-29,v2.0.0
CRI-T1IF-A100-SXM-GTD-1yr-ALL,2026-04-29,T1IF,A100,SXM,GTD,ALL,1Y,7,2.1752,2.1752,2.1752,2.1752,2.1752,2.1752,2.1752,2.1752,2.1752,1,8,10000.0,1.0,1.0,1.0,3.0,1,8,Low,Shadow,2026-04-23,2026-04-29,v2.0.0
CRI-T1IF-A100-SXM-GTD-3yr-ALL,2026-04-29,T1IF,A100,SXM,GTD,ALL,3Y,7,1.4647,1.4647,1.4647,1.4647,1.4647,1.4647,1.4647,1.4647,1.4647,1,8,10000.0,1.0,1.0,1.0,3.0,1,8,Low,Shadow,2026-04-23,2026-04-29,v2.0.0
CRI-T1IF-A100-SXM-GTD-OD-ALL,2026-04-29,T1IF,A100,SXM,GTD,ALL,OnDemand,7,3.4309,3.4309,3.4309,3.4309,3.4309,3.4309,3.4309,3.4309,3.4309,1,8,10000.0,1.0,1.0,1.0,3.0,1,8,Low,Shadow,2026-04-23,2026-04-29,v2.0.0
CRI-T1IF-B200-ALL-GTD-OD-EU,2026-04-29,T1IF,B200,ALL,GTD,EU,OnDemand,7,5.5000,5.5000,5.5000,5.5000,5.5000,5.5000,5.5000,5.5000,5.5000,1,8,10000.0,1.0,1.0,1.0,3.0,1,8,Low,Shadow,2026-04-23,2026-04-29,v2.0.0
CRI-T1IF-GB200-ALL-GTD-1yr-ALL,2026-04-29,T1IF,GB200,ALL,GTD,ALL,1Y,7,8.6528,8.6528,8.6528,8.6528,8.6528,8.6528,8.6528,8.6528,8.6528,1,8,10000.0,1.0,1.0,1.0,3.0,1,8,Low,Shadow,2026-04-23,2026-04-29,v2.0.0
CRI-T1IF-GB200-ALL-GTD-1yr-US,2026-04-29,T1IF,GB200,ALL,GTD,US,1Y,7,8.6528,8.6528,8.6528,8.6528,8.6528,8.6528,8.6528,8.6528,8.6528,1,8,10000.0,1.0,1.0,1.0,3.0,1,8,Low,Shadow,2026-04-23,2026-04-29,v2.0.0
CRI-T1IF-GB200-ALL-GTD-3yr-ALL,2026-04-29,T1IF,GB200,ALL,GTD,ALL,3Y,7,5.9488,5.9488,5.9488,5.9488,5.9488,5.9488,5.9488,5.9488,5.9488,1,8,10000.0,1.0,1.0,1.0,3.0,1,8,Low,Shadow,2026-04-23,2026-04-29,v2.0.0
CRI-T1IF-GB200-ALL-GTD-3yr-US,2026-04-29,T1IF,GB200,ALL,GTD,US,3Y,7,5.9488,5.9488,5.9488,5.9488,5.9488,5.9488,5.9488,5.9488,5.9488,1,8,10000.0,1.0,1.0,1.0,3.0,1,8,Low,Shadow,2026-04-23,2026-04-29,v2.0.0
CRI-T1IF-GB200-NVL-GTD-1yr-ALL,2026-04-29,T1IF,GB200,NVL,GTD,ALL,1Y,7,8.6528,8.6528,8.6528,8.6528,8.6528,8.6528,8.6528,8.6528,8.6528,1,8,10000.0,1.0,1.0,1.0,3.0,1,8,Low,Shadow,2026-04-23,2026-04-29,v2.0.0
CRI-T1IF-GB200-NVL-GTD-3yr-ALL,2026-04-29,T1IF,GB200,NVL,GTD,ALL,3Y,7,5.9488,5.9488,5.9488,5.9488,5.9488,5.9488,5.9488,5.9488,5.9488,1,8,10000.0,1.0,1.0,1.0,3.0,1,8,Low,Shadow,2026-04-23,2026-04-29,v2.0.0
CRI-T1IF-H100-ALL-GTD-1yr-ALL,2026-04-29,T1IF,H100,ALL,GTD,ALL,1Y,7,7.8656,7.8656,7.8656,7.8656,7.8656,7.8656,7.8656,7.8656,7.8656,1,8,10000.0,1.0,1.0,1.0,3.0,1,8,Low,Shadow,2026-04-23,2026-04-29,v2.0.0
CRI-T1IF-H100-ALL-GTD-1yr-US,2026-04-29,T1IF,H100,ALL,GTD,US,1Y,7,7.8656,7.8656,7.8656,7.8656,7.8656,7.8656,7.8656,7.8656,7.8656,1,8,10000.0,1.0,1.0,1.0,3.0,1,8,Low,Shadow,2026-04-23,2026-04-29,v2.0.0
CRI-T1IF-H100-ALL-GTD-3yr-ALL,2026-04-29,T1IF,H100,ALL,GTD,ALL,3Y,7,4.1837,4.1837,2.9722,5.3953,2.9722,5.3953,4.1837,4.1837,4.1837,2,16,5000.0,2.0,2.0,2.0,6.0,2,16,Medium,Shadow,2026-04-23,2026-04-29,v2.0.0
CRI-T1IF-H100-ALL-GTD-3yr-US,2026-04-29,T1IF,H100,ALL,GTD,US,3Y,7,4.1837,4.1837,2.9722,5.3953,2.9722,5.3953,4.1837,4.1837,4.1837,2,16,5000.0,2.0,2.0,2.0,6.0,2,16,Medium,Shadow,2026-04-23,2026-04-29,v2.0.0
CRI-T1IF-H100-ALL-GTD-5yr-ALL,2026-04-29,T1IF,H100,ALL,GTD,ALL,5Y,7,4.9160,4.9160,4.9160,4.9160,4.9160,4.9160,4.9160,4.9160,4.9160,1,8,10000.0,1.0,1.0,1.0,3.0,1,8,Low,Shadow,2026-04-23,2026-04-29,v2.0.0
CRI-T1IF-H100-ALL-GTD-5yr-US,2026-04-29,T1IF,H100,ALL,GTD,US,5Y,7,4.9160,4.9160,4.9160,4.9160,4.9160,4.9160,4.9160,4.9160,4.9160,1,8,10000.0,1.0,1.0,1.0,3.0,1,8,Low,Shadow,2026-04-23,2026-04-29,v2.0.0
CRI-T1IF-H100-ALL-GTD-OD-EU,2026-04-29,T1IF,H100,ALL,GTD,EU,OnDemand,7,2.9500,2.9500,2.9500,2.9500,2.9500,2.9500,2.9500,2.9500,2.9500,1,8,10000.0,1.0,1.0,1.0,3.0,1,8,Low,Shadow,2026-04-23,2026-04-29,v2.0.0
CRI-T1IF-H100-SXM-GTD-1yr-ALL,2026-04-29,T1IF,H100,SXM,GTD,ALL,1Y,7,7.8656,7.8656,7.8656,7.8656,7.8656,7.8656,7.8656,7.8656,7.8656,1,8,10000.0,1.0,1.0,1.0,3.0,1,8,Low,Shadow,2026-04-23,2026-04-29,v2.0.0
CRI-T1IF-H100-SXM-GTD-3yr-ALL,2026-04-29,T1IF,H100,SXM,GTD,ALL,3Y,7,4.1837,4.1837,2.9722,5.3953,2.9722,5.3953,4.1837,4.1837,4.1837,2,16,5000.0,2.0,2.0,2.0,6.0,2,16,Medium,Shadow,2026-04-23,2026-04-29,v2.0.0
CRI-T1IF-H100-SXM-GTD-5yr-ALL,2026-04-29,T1IF,H100,SXM,GTD,ALL,5Y,7,4.9160,4.9160,4.9160,4.9160,4.9160,4.9160,4.9160,4.9160,4.9160,1,8,10000.0,1.0,1.0,1.0,3.0,1,8,Low,Shadow,2026-04-23,2026-04-29,v2.0.0
CRI-T1IF-H200-ALL-GTD-1yr-ALL,2026-04-29,T1IF,H200,ALL,GTD,ALL,1Y,7,5.6530,5.6530,5.6530,5.6530,5.6530,5.6530,5.6530,5.6530,5.6530,1,8,10000.0,1.0,1.0,1.0,3.0,1,8,Low,Shadow,2026-04-23,2026-04-29,v2.0.0
CRI-T1IF-H200-ALL-GTD-1yr-US,2026-04-29,T1IF,H200,ALL,GTD,US,1Y,7,5.6530,5.6530,5.6530,5.6530,5.6530,5.6530,5.6530,5.6530,5.6530,1,8,10000.0,1.0,1.0,1.0,3.0,1,8,Low,Shadow,2026-04-23,2026-04-29,v2.0.0
CRI-T1IF-H200-ALL-GTD-3yr-ALL,2026-04-29,T1IF,H200,ALL,GTD,ALL,3Y,7,4.6640,4.6640,4.6640,4.6640,4.6640,4.6640,4.6640,4.6640,4.6640,1,8,10000.0,1.0,1.0,1.0,3.0,1,8,Low,Shadow,2026-04-23,2026-04-29,v2.0.0
CRI-T1IF-H200-ALL-GTD-3yr-US,2026-04-29,T1IF,H200,ALL,GTD,US,3Y,7,4.6640,4.6640,4.6640,4.6640,4.6640,4.6640,4.6640,4.6640,4.6640,1,8,10000.0,1.0,1.0,1.0,3.0,1,8,Low,Shadow,2026-04-23,2026-04-29,v2.0.0
CRI-T1IF-H200-ALL-GTD-OD-EU,2026-04-29,T1IF,H200,ALL,GTD,EU,OnDemand,7,3.5000,3.5000,3.5000,3.5000,3.5000,3.5000,3.5000,3.5000,3.5000,1,8,10000.0,1.0,1.0,1.0,3.0,1,8,Low,Shadow,2026-04-23,2026-04-29,v2.0.0
CRI-T1IF-H200-SXM-GTD-1yr-ALL,2026-04-29,T1IF,H200,SXM,GTD,ALL,1Y,7,5.6530,5.6530,5.6530,5.6530,5.6530,5.6530,5.6530,5.6530,5.6530,1,8,10000.0,1.0,1.0,1.0,3.0,1,8,Low,Shadow,2026-04-23,2026-04-29,v2.0.0
CRI-T1IF-H200-SXM-GTD-3yr-ALL,2026-04-29,T1IF,H200,SXM,GTD,ALL,3Y,7,4.6640,4.6640,4.6640,4.6640,4.6640,4.6640,4.6640,4.6640,4.6640,1,8,10000.0,1.0,1.0,1.0,3.0,1,8,Low,Shadow,2026-04-23,2026-04-29,v2.0.0
CRI-T2IF-A100-40GB-ALL-GTD-1yr-ALL,2026-04-29,T2IF,A100,ALL,GTD,ALL,1Y,7,2.6178,2.6140,2.3982,2.8335,2.3982,2.8448,2.6178,2.6178,2.6178,1,20,10000.0,1.0,4.0,1.0,12.0,1,20,Low,Shadow,2026-04-23,2026-04-29,v2.0.0
CRI-T2IF-A100-40GB-ALL-GTD-1yr-US,2026-04-29,T2IF,A100,ALL,GTD,US,1Y,7,2.6178,2.6140,2.3982,2.8335,2.3982,2.8448,2.6178,2.6178,2.6178,1,20,10000.0,1.0,4.0,1.0,12.0,1,20,Low,Shadow,2026-04-23,2026-04-29,v2.0.0
CRI-T2IF-A100-40GB-ALL-GTD-3yr-ALL,2026-04-29,T2IF,A100,ALL,GTD,ALL,3Y,7,1.7408,1.7629,1.6768,1.8268,1.5767,1.8605,1.7408,1.7408,1.7408,1,20,10000.0,1.0,4.0,1.0,12.0,1,20,Low,Shadow,2026-04-23,2026-04-29,v2.0.0
CRI-T2IF-A100-40GB-ALL-GTD-3yr-US,2026-04-29,T2IF,A100,ALL,GTD,US,3Y,7,1.7408,1.7629,1.6768,1.8268,1.5767,1.8605,1.7408,1.7408,1.7408,1,20,10000.0,1.0,4.0,1.0,12.0,1,20,Low,Shadow,2026-04-23,2026-04-29,v2.0.0
CRI-T2IF-A100-40GB-SXM-GTD-1yr-ALL,2026-04-29,T2IF,A100,SXM,GTD,ALL,1Y,7,2.6178,2.6140,2.3982,2.8335,2.3982,2.8448,2.6178,2.6178,2.6178,1,20,10000.0,1.0,4.0,1.0,12.0,1,20,Low,Shadow,2026-04-23,2026-04-29,v2.0.0
CRI-T2IF-A100-40GB-SXM-GTD-3yr-ALL,2026-04-29,T2IF,A100,SXM,GTD,ALL,3Y,7,1.7408,1.7629,1.6768,1.8268,1.5767,1.8605,1.7408,1.7408,1.7408,1,20,10000.0,1.0,4.0,1.0,12.0,1,20,Low,Shadow,2026-04-23,2026-04-29,v2.0.0
CRI-T2IF-A100-ALL-GTD-1yr-ALL,2026-04-29,T2IF,A100,ALL,GTD,ALL,1Y,7,2.6216,2.6216,2.6216,2.6216,2.6216,2.6216,2.6216,2.6216,2.6216,1,8,10000.0,1.0,1.0,1.0,3.0,1,8,Low,Shadow,2026-04-23,2026-04-29,v2.0.0
CRI-T2IF-A100-ALL-GTD-1yr-US,2026-04-29,T2IF,A100,ALL,GTD,US,1Y,7,2.6216,2.6216,2.6216,2.6216,2.6216,2.6216,2.6216,2.6216,2.6216,1,8,10000.0,1.0,1.0,1.0,3.0,1,8,Low,Shadow,2026-04-23,2026-04-29,v2.0.0
CRI-T2IF-A100-ALL-GTD-3yr-ALL,2026-04-29,T2IF,A100,ALL,GTD,ALL,3Y,7,1.8024,1.8024,1.8024,1.8024,1.8024,1.8024,1.8024,1.8024,1.8024,1,8,10000.0,1.0,1.0,1.0,3.0,1,8,Low,Shadow,2026-04-23,2026-04-29,v2.0.0
CRI-T2IF-A100-ALL-GTD-3yr-US,2026-04-29,T2IF,A100,ALL,GTD,US,3Y,7,1.8024,1.8024,1.8024,1.8024,1.8024,1.8024,1.8024,1.8024,1.8024,1,8,10000.0,1.0,1.0,1.0,3.0,1,8,Low,Shadow,2026-04-23,2026-04-29,v2.0.0
CRI-T2IF-A100-SXM-GTD-1yr-ALL,2026-04-29,T2IF,A100,SXM,GTD,ALL,1Y,7,2.6216,2.6216,2.6216,2.6216,2.6216,2.6216,2.6216,2.6216,2.6216,1,8,10000.0,1.0,1.0,1.0,3.0,1,8,Low,Shadow,2026-04-23,2026-04-29,v2.0.0
CRI-T2IF-A100-SXM-GTD-3yr-ALL,2026-04-29,T2IF,A100,SXM,GTD,ALL,3Y,7,1.8024,1.8024,1.8024,1.8024,1.8024,1.8024,1.8024,1.8024,1.8024,1,8,10000.0,1.0,1.0,1.0,3.0,1,8,Low,Shadow,2026-04-23,2026-04-29,v2.0.0
CRI-T2IF-B200-ALL-GTD-OD-US,2026-04-29,T2IF,B200,ALL,GTD,US,OnDemand,7,9.1267,10.3450,6.6900,14.0000,6.6900,14.0000,10.3450,10.3450,9.1267,2,12,5555.6,2.0,2.0,2.0,6.0,2,12,Medium,Shadow,2026-04-23,2026-04-29,v2.0.0
CRI-T2IF-GB200-ALL-GTD-OD-ALL,2026-04-29,T2IF,GB200,ALL,GTD,ALL,OnDemand,7,16.0000,16.0000,16.0000,16.0000,16.0000,16.0000,16.0000,16.0000,16.0000,1,4,10000.0,1.0,1.0,1.0,3.0,1,4,Low,Shadow,2026-04-23,2026-04-29,v2.0.0
CRI-T2IF-GB200-ALL-GTD-OD-US,2026-04-29,T2IF,GB200,ALL,GTD,US,OnDemand,7,16.0000,16.0000,16.0000,16.0000,16.0000,16.0000,16.0000,16.0000,16.0000,1,4,10000.0,1.0,1.0,1.0,3.0,1,4,Low,Shadow,2026-04-23,2026-04-29,v2.0.0
CRI-T2IF-GB200-NVL-GTD-OD-ALL,2026-04-29,T2IF,GB200,NVL,GTD,ALL,OnDemand,7,16.0000,16.0000,16.0000,16.0000,16.0000,16.0000,16.0000,16.0000,16.0000,1,4,10000.0,1.0,1.0,1.0,3.0,1,4,Low,Shadow,2026-04-23,2026-04-29,v2.0.0
CRI-T2IF-H200-ALL-GTD-1yr-ALL,2026-04-29,T2IF,H200,ALL,GTD,ALL,1Y,7,7.8960,7.5561,7.5561,7.8960,7.5561,8.9157,7.8960,7.8960,7.8960,1,20,10000.0,1.0,4.0,1.0,12.0,1,20,Low,Shadow,2026-04-23,2026-04-29,v2.0.0
CRI-T2IF-H200-ALL-GTD-1yr-US,2026-04-29,T2IF,H200,ALL,GTD,US,1Y,7,7.8960,7.5561,7.5561,7.8960,7.5561,8.9157,7.8960,7.8960,7.8960,1,20,10000.0,1.0,4.0,1.0,12.0,1,20,Low,Shadow,2026-04-23,2026-04-29,v2.0.0
CRI-T2IF-H200-ALL-GTD-3yr-ALL,2026-04-29,T2IF,H200,ALL,GTD,ALL,3Y,7,5.4420,5.2078,5.2078,5.4420,5.2078,6.1447,5.4420,5.4420,5.4420,1,20,10000.0,1.0,4.0,1.0,12.0,1,20,Low,Shadow,2026-04-23,2026-04-29,v2.0.0
CRI-T2IF-H200-ALL-GTD-3yr-US,2026-04-29,T2IF,H200,ALL,GTD,US,3Y,7,5.4420,5.2078,5.2078,5.4420,5.2078,6.1447,5.4420,5.4420,5.4420,1,20,10000.0,1.0,4.0,1.0,12.0,1,20,Low,Shadow,2026-04-23,2026-04-29,v2.0.0
CRI-T2IF-H200-ALL-GTD-OD-Other,2026-04-29,T2IF,H200,ALL,GTD,Other,OnDemand,7,4.3890,4.3890,3.9900,4.7880,3.9900,4.7880,4.3890,4.3890,4.3890,2,28,5000.0,2.0,4.0,2.0,20.0,2,28,Medium,Shadow,2026-04-23,2026-04-29,v2.0.0
CRI-T2IF-H200-SXM-GTD-1yr-ALL,2026-04-29,T2IF,H200,SXM,GTD,ALL,1Y,7,7.8960,7.5561,7.5561,7.8960,7.5561,8.9157,7.8960,7.8960,7.8960,1,20,10000.0,1.0,4.0,1.0,12.0,1,20,Low,Shadow,2026-04-23,2026-04-29,v2.0.0
CRI-T2IF-H200-SXM-GTD-3yr-ALL,2026-04-29,T2IF,H200,SXM,GTD,ALL,3Y,7,5.4420,5.2078,5.2078,5.4420,5.2078,6.1447,5.4420,5.4420,5.4420,1,20,10000.0,1.0,4.0,1.0,12.0,1,20,Low,Shadow,2026-04-23,2026-04-29,v2.0.0
CRI-T3IF-A100-40GB-ALL-ALL-OD-ALL,2026-04-29,T3IF,A100,ALL,ALL,ALL,OnDemand,7,0.7211,0.7211,0.7211,0.7211,0.7211,0.7211,0.7211,0.7211,0.7211,1,8,10000.0,1.0,1.0,1.0,3.0,1,8,Low,Shadow,2026-04-23,2026-04-29,v2.0.0
CRI-T3IF-A100-40GB-ALL-ALL-OD-EU,2026-04-29,T3IF,A100,ALL,ALL,EU,OnDemand,7,0.7211,0.7211,0.7211,0.7211,0.7211,0.7211,0.7211,0.7211,0.7211,1,8,10000.0,1.0,1.0,1.0,3.0,1,8,Low,Shadow,2026-04-23,2026-04-29,v2.0.0
CRI-T3IF-A100-40GB-SXM-ALL-OD-ALL,2026-04-29,T3IF,A100,SXM,ALL,ALL,OnDemand,7,0.7211,0.7211,0.7211,0.7211,0.7211,0.7211,0.7211,0.7211,0.7211,1,8,10000.0,1.0,1.0,1.0,3.0,1,8,Low,Shadow,2026-04-23,2026-04-29,v2.0.0
CRI-T3IF-A100-ALL-ALL-OD-APAC,2026-04-29,T3IF,A100,ALL,ALL,APAC,OnDemand,7,1.2865,1.3293,1.2453,1.3293,0.9933,1.6587,,1.1613,1.2865,1,8,10000.0,,,1.0,2.0,1,8,Low,Shadow,2026-04-23,2026-04-29,v2.0.0
CRI-T3IF-A100-ALL-ALL-OD-EU,2026-04-29,T3IF,A100,ALL,ALL,EU,OnDemand,7,0.4515,0.4515,0.4515,0.4515,0.4515,0.4515,0.4515,0.4515,0.4515,1,8,10000.0,1.0,1.0,1.0,3.0,1,8,Low,Shadow,2026-04-23,2026-04-29,v2.0.0
CRI-T3IF-A100-ALL-ALL-OD-US,2026-04-29,T3IF,A100,ALL,ALL,US,OnDemand,7,0.8762,0.9433,0.5200,1.2800,0.5200,1.2800,0.7893,0.7938,0.8762,2,28,5918.4,2.0,5.0,2.0,15.0,2,28,Medium,Shadow,2026-04-23,2026-04-29,v2.0.0
CRI-T3IF-B200-ALL-ALL-OD-APAC,2026-04-29,T3IF,B200,ALL,ALL,APAC,OnDemand,7,3.8125,3.6250,3.6250,3.6250,3.6250,4.7500,3.6250,3.8500,3.8125,1,18,10000.0,1.0,2.0,1.0,10.0,1,18,Low,Shadow,2026-04-23,2026-04-29,v2.0.0
CRI-T3IF-B200-ALL-ALL-OD-EU,2026-04-29,T3IF,B200,ALL,ALL,EU,OnDemand,7,2.2557,2.2557,1.7115,2.8000,1.7115,2.8000,2.2557,2.2557,2.2557,2,16,5000.0,2.0,2.0,2.0,6.0,2,16,Medium,Shadow,2026-04-23,2026-04-29,v2.0.0
CRI-T3IF-B200-ALL-ALL-OD-US,2026-04-29,T3IF,B200,ALL,ALL,US,OnDemand,7,7.1316,5.7375,5.1875,6.1125,4.9875,12.5000,8.9313,8.3938,7.1316,1,17,10000.0,1.0,4.0,1.0,10.0,1,17,Low,Shadow,2026-04-23,2026-04-29,v2.0.0
CRI-T3IF-H100-ALL-ALL-1yr-ALL,2026-04-29,T3IF,H100,ALL,ALL,ALL,1Y,7,8.7437,8.6997,7.9813,9.4621,7.9813,9.5943,8.7437,8.7437,8.7437,1,20,10000.0,1.0,4.0,1.0,12.0,1,20,Low,Shadow,2026-04-23,2026-04-29,v2.0.0
CRI-T3IF-H100-ALL-ALL-1yr-US,2026-04-29,T3IF,H100,ALL,ALL,US,1Y,7,8.7437,8.6997,7.9813,9.4621,7.9813,9.5943,8.7437,8.7437,8.7437,1,20,10000.0,1.0,4.0,1.0,12.0,1,20,Low,Shadow,2026-04-23,2026-04-29,v2.0.0
CRI-T3IF-H100-ALL-ALL-3yr-ALL,2026-04-29,T3IF,H100,ALL,ALL,ALL,3Y,7,5.9022,5.8286,5.4824,6.2484,5.4824,6.4692,5.9022,5.9022,5.9022,1,20,10000.0,1.0,4.0,1.0,12.0,1,20,Low,Shadow,2026-04-23,2026-04-29,v2.0.0
CRI-T3IF-H100-ALL-ALL-3yr-US,2026-04-29,T3IF,H100,ALL,ALL,US,3Y,7,5.9022,5.8286,5.4824,6.2484,5.4824,6.4692,5.9022,5.9022,5.9022,1,20,10000.0,1.0,4.0,1.0,12.0,1,20,Low,Shadow,2026-04-23,2026-04-29,v2.0.0
CRI-T3IF-H100-ALL-ALL-OD-APAC,2026-04-29,T3IF,H100,ALL,ALL,APAC,OnDemand,7,1.6059,1.3333,1.3333,2.0000,1.3333,2.0000,2.0000,1.7573,1.6059,1,18,10000.0,1.0,2.0,1.0,10.0,1,18,Low,Shadow,2026-04-23,2026-04-29,v2.0.0
CRI-T3IF-H100-SXM-ALL-1yr-ALL,2026-04-29,T3IF,H100,SXM,ALL,ALL,1Y,7,8.7437,8.6997,7.9813,9.4621,7.9813,9.5943,8.7437,8.7437,8.7437,1,20,10000.0,1.0,4.0,1.0,12.0,1,20,Low,Shadow,2026-04-23,2026-04-29,v2.0.0
CRI-T3IF-H100-SXM-ALL-3yr-ALL,2026-04-29,T3IF,H100,SXM,ALL,ALL,3Y,7,5.9022,5.8286,5.4824,6.2484,5.4824,6.4692,5.9022,5.9022,5.9022,1,20,10000.0,1.0,4.0,1.0,12.0,1,20,Low,Shadow,2026-04-23,2026-04-29,v2.0.0
CRI-T3IF-H200-ALL-ALL-OD-APAC,2026-04-29,T3IF,H200,ALL,ALL,APAC,OnDemand,7,4.0963,4.2452,4.0661,4.2452,3.3613,4.7742,,3.8877,4.0963,1,12,10000.0,,,1.0,5.0,1,12,Low,Shadow,2026-04-23,2026-04-29,v2.0.0
